x,y
-1e3,-999.9999999999991
-999,-999.7332168737789
-998,-999.466429430743
-997,-999.1996333540758
-996,-998.932824326962
-995,-998.6659980325857
-994,-998.3991501541311
-993,-998.132276374783
-992,-997.8653723777254
-991,-997.5984338461428
-990,-997.3314564632198
-989,-997.0644359121407
-988,-996.7973678760895
-987,-996.5302480382513
-986,-996.2630720818096
-985,-995.9958356899497
-984,-995.7285345458554
-983,-995.4611643327108
-982,-995.1937207337011
-981,-994.9261994320102
-980,-994.6585961108224
-979,-994.3909064533227
-978,-994.1231261426947
-977,-993.8552508621231
-976,-993.5872762947921
-975,-993.3191981238865
-974,-993.0510120325905
-973,-992.7827137040882
-972,-992.5142988215642
-971,-992.2457630682034
-970,-991.9771021271891
-969,-991.7083116817065
-968,-991.4393874149397
-967,-991.1703250100733
-966,-990.9011201502913
-965,-990.631768518778
-964,-990.3622657987185
-963,-990.0926076732966
-962,-989.8227898256969
-961,-989.5528079391038
-960,-989.2826576967013
-959,-989.0123347816741
-958,-988.7418348772067
-957,-988.4711536664834
-956,-988.2002868326886
-955,-987.9292300590064
-954,-987.6579790286214
-953,-987.3865294247182
-952,-987.1148769304807
-951,-986.8430172290934
-950,-986.570946003741
-949,-986.298658937608
-948,-986.0261517138783
-947,-985.7534200157362
-946,-985.4804595263664
-945,-985.2072659289533
-944,-984.9338349066812
-943,-984.6601621427349
-942,-984.3862433202978
-941,-984.112074122555
-940,-983.8376502326907
-939,-983.5629673338893
-938,-983.2880211093354
-937,-983.0128072422128
-936,-982.7373214157067
-935,-982.4615593130009
-934,-982.1855166172797
-933,-981.9091890117278
-932,-981.6325721795298
-931,-981.3556618038697
-930,-981.0784535679315
-929,-980.8009431549006
-928,-980.5231262479604
-927,-980.2449985302958
-926,-979.9665556850911
-925,-979.6877933955307
-924,-979.4087073447988
-923,-979.1292932160801
-922,-978.8495466925586
-921,-978.5694634574191
-920,-978.2890391938458
-919,-978.0082695850228
-918,-977.7271503141351
-917,-977.4456770643666
-916,-977.1638455189017
-915,-976.881651360925
-914,-976.5990902736206
-913,-976.3161579401731
-912,-976.0328500437668
-911,-975.7491622675859
-910,-975.4650902948154
-909,-975.1806298086393
-908,-974.8957764922416
-907,-974.6105260288073
-906,-974.3248741015202
-905,-974.0388163935653
-904,-973.7523485881266
-903,-973.4654663683883
-902,-973.1781654175355
-901,-972.8904414187518
-900,-972.6022900552222
-899,-972.3137070101304
-898,-972.0246879666615
-897,-971.7352286079998
-896,-971.4453246173289
-895,-971.1549716778336
-894,-970.8641654726989
-893,-970.5729016851086
-892,-970.2811759982468
-891,-969.9889840952985
-890,-969.6963216594479
-889,-969.4031843738792
-888,-969.10956792177706
-887,-968.8154679863258
-886,-968.5208802507092
-885,-968.2258003981125
-884,-967.9302241117196
-883,-967.6341470747152
-882,-967.3375649702832
-881,-967.0404734816083
-880,-966.7428682918751
-879,-966.4447450842674
-878,-966.14609954197
-877,-965.8469273481674
-876,-965.5472241860434
-875,-965.246985738783
-874,-964.9462076895702
-873,-964.6448857215898
-872,-964.3430155180259
-871,-964.0405927620626
-870,-963.7376131368844
-869,-963.4340723256765
-868,-963.1299660116223
-867,-962.8252898779065
-866,-962.5200396077131
-865,-962.2142108842273
-864,-961.9077993906332
-863,-961.600800810115
-862,-961.293210825857
-861,-960.9850251210435
-860,-960.67623937885935
-859,-960.3668492824886
-858,-960.0568505151157
-857,-959.7462387599248
-856,-959.4350097001006
-855,-959.1231590188277
-854,-958.8106823992902
-853,-958.4975755246721
-852,-958.1838340781584
-851,-957.8694537429332
-850,-957.5544302021806
-849,-957.2387591390857
-848,-956.922436236832
-847,-956.6054571786049
-846,-956.2878176475878
-845,-955.9695133269657
-844,-955.6505398999229
-843,-955.3308930496435
-842,-955.0105684593121
-841,-954.689561812113
-840,-954.3678687912305
-839,-954.0454850798494
-838,-953.7224063611536
-837,-953.3986283183275
-836,-953.0741466345563
-835,-952.7489569930233
-834,-952.4230550769131
-833,-952.0964365694109
-832,-951.7690971536997
-831,-951.4410325129654
-830,-951.1122383303912
-829,-950.7827102891617
-828,-950.452444072462
-827,-950.1214353634759
-826,-949.789679845388
-825,-949.4571732013824
-824,-949.1239111146435
-823,-948.7898892683559
-822,-948.4551033457042
-821,-948.1195490298719
-820,-947.7832220040443
-819,-947.4461179514055
-818,-947.1082325551397
-817,-946.7695614984314
-816,-946.4301004644651
-815,-946.0898451364249
-814,-945.7487911974954
-813,-945.4069343308608
-812,-945.064270219706
-811,-944.7207945472148
-810,-944.3765029965716
-809,-944.031391250961
-808,-943.6854549935679
-807,-943.3386899075754
-806,-942.9910916761692
-805,-942.6426559825327
-804,-942.2933785098508
-803,-941.9432549413077
-802,-941.5922809600879
-801,-941.2404522493757
-800,-940.8877644923552
-799,-940.5342133722118
-798,-940.1797945721282
-797,-939.8245037752904
-796,-939.4683366648819
-795,-939.1112889240878
-794,-938.7533562360913
-793,-938.394534284078
-792,-938.0348187512313
-791,-937.6742053207365
-790,-937.3126896757774
-789,-936.9502674995383
-788,-936.5869344752039
-787,-936.2226862859584
-786,-935.8575186149865
-785,-935.491427145472
-784,-935.1244075605996
-783,-934.756455543554
-782,-934.3875667775189
-781,-934.0177369456792
-780,-933.6469617312193
-779,-933.2752368173235
-778,-932.9025578871758
-777,-932.5289206239609
-776,-932.1543207108634
-775,-931.7787538310672
-774,-931.4022156677572
-773,-931.0247019041169
-772,-930.6462082233322
-771,-930.2667303085861
-770,-929.8862638430633
-769,-929.5048045099484
-768,-929.1223479924263
-767,-928.73888997368
-766,-928.354426136895
-765,-927.9689521652556
-764,-927.5824637419455
-763,-927.1949565501498
-762,-926.8064262730525
-761,-926.4168685938384
-760,-926.0262791956911
-759,-925.6346537617962
-758,-925.2419879753365
-757,-924.8482775194975
-756,-924.4535180774637
-755,-924.0577053324184
-754,-923.6608349675473
-753,-923.2629026660338
-752,-922.863904111063
-751,-922.4638349858185
-750,-922.0626909734849
-749,-921.6604677572475
-748,-921.2571610202895
-747,-920.8527664457956
-746,-920.4472797169508
-745,-920.0406965169389
-744,-919.6330125289439
-743,-919.2242234361511
-742,-918.8143249217442
-741,-918.403312668908
-740,-917.9911823608272
-739,-917.5779296806847
-738,-917.1635503116665
-737,-916.7480399369563
-736,-916.3313942397385
-735,-915.9136089031974
-734,-915.4946796105176
-733,-915.0746020448832
-732,-914.6533718894793
-731,-914.230984827489
-730,-913.807436542098
-729,-913.3827227164898
-728,-912.9568390338493
-727,-912.5297811773607
-726,-912.1015448302085
-725,-911.6721256755768
-724,-911.24151939665
-723,-910.8097216766126
-722,-910.3767281986488
-721,-909.9425346459436
-720,-909.5071367016807
-719,-909.070530049045
-718,-908.6327103712205
-717,-908.1936733513915
-716,-907.7534146727427
-715,-907.3119300184585
-714,-906.8692150717228
-713,-906.4252655157209
-712,-905.9800770336362
-711,-905.5336453086535
-710,-905.085966023957
-709,-904.6370348627318
-708,-904.1868475081615
-707,-903.7353996434304
-706,-903.2826869517232
-705,-902.8287051162246
-704,-902.3734498201185
-703,-901.9169167465898
-702,-901.4591015788221
-701,-901.0000000000003
-700,-900.5395618416559
-699,-900.0775535287073
-698,-899.61369563442
-697,-899.1477087320607
-696,-898.6793133948946
-695,-898.2082301961877
-694,-897.7341797092059
-693,-897.2568825072144
-692,-896.7760591634797
-691,-896.2914302512671
-690,-895.8027163438423
-689,-895.3096380144718
-688,-894.8119158364208
-687,-894.309270382955
-686,-893.8014222273405
-685,-893.2880919428429
-684,-892.7690001027281
-683,-892.2438672802617
-682,-891.7124140487098
-681,-891.1743609813383
-680,-890.6294286514124
-679,-890.077337632198
-678,-889.5178084969614
-677,-888.9505618189679
-676,-888.3753181714834
-675,-887.7917981277737
-674,-887.1997222611045
-673,-886.5988111447421
-672,-885.9887853519515
-671,-885.3693654559992
-670,-884.7402720301503
-669,-884.1012256476712
-668,-883.4519468818272
-667,-882.7921563058846
-666,-882.1215744931086
-665,-881.4399220167653
-664,-880.7469194501207
-663,-880.0422873664402
-662,-879.3257463389898
-661,-878.597016941035
-660,-877.855819745842
-659,-877.1018753266766
-658,-876.3349042568041
-657,-875.5546271094906
-656,-874.7607644580017
-655,-873.9530368756035
-654,-873.1311649355616
-653,-872.2948692111418
-652,-871.44387027561
-651,-870.5778887022318
-650,-869.6966450642731
-649,-868.7998599349994
-648,-867.8872538876767
-647,-866.9585474955713
-646,-866.0134613319481
-645,-865.0517159700737
-644,-864.0730319832128
-643,-863.0771299446324
-642,-862.0637304275976
-641,-861.0325540053742
-640,-859.9833212512282
-639,-858.9157527384252
-638,-857.8295690402313
-637,-856.7244907299118
-636,-855.6002383807329
-635,-854.4565325659605
-634,-853.2930938588597
-633,-852.1096428326969
-632,-850.9059000607376
-631,-849.6815861162477
-630,-848.4364215724931
-629,-847.1701270027393
-628,-845.8824229802524
-627,-844.573030078298
-626,-843.2416688701419
-625,-841.8880599290496
-624,-840.5119238282875
-623,-839.1129811411208
-622,-837.6909524408159
-621,-836.2455583006381
-620,-834.7765192938532
-619,-833.283555993727
-618,-831.7663889735256
-617,-830.2247388065146
-616,-828.6583260659597
-615,-827.0668713251267
-614,-825.4500951572816
-613,-823.8077181356898
-612,-822.1394608336175
-611,-820.44504382433
-610,-818.7241876810936
-609,-816.9766129771739
-608,-815.2020402858363
-607,-813.4001901803474
-606,-811.5707832339722
-605,-809.713540019977
-604,-807.8281811116271
-603,-805.9144270821889
-602,-803.9719985049276
-601,-802.0006159531093
-600,-800
-599,-797.9699668867069
-598,-795.9107155257068
-597,-793.8225404973182
-596,-791.705736381859
-595,-789.5605977596475
-594,-787.3874192110028
-593,-785.1864953162425
-592,-782.9581206556854
-591,-780.7025898096496
-590,-778.4201973584538
-589,-776.111237882416
-588,-773.7760059618547
-587,-771.4147961770884
-586,-769.0279031084353
-585,-766.6156213362137
-584,-764.1782454407422
-583,-761.7160700023392
-582,-759.2293896013227
-581,-756.7184988180113
-580,-754.1836922327233
-579,-751.6252644257772
-578,-749.0435099774912
-577,-746.438723468184
-576,-743.8111994781734
-575,-741.161232587778
-574,-738.4891173773163
-573,-735.7951484271066
-572,-733.0796203174674
-571,-730.3428276287169
-570,-727.5850649411733
-569,-724.8066268351554
-568,-722.0078078909811
-567,-719.188902688969
-566,-716.3502058094376
-565,-713.4920118327049
-564,-710.6146153390895
-563,-707.7183109089099
-562,-704.8033931224841
-561,-701.8701565601308
-560,-698.9188958021681
-559,-695.9499054289149
-558,-692.9634800206887
-557,-689.9599141578084
-556,-686.9395024205924
-555,-683.902539389359
-554,-680.8493196444265
-553,-677.7801377661131
-552,-674.6952883347377
-551,-671.5950659306178
-550,-668.4797651340727
-549,-665.3496805254202
-548,-662.2051066849789
-547,-659.0463381930668
-546,-655.8736696300027
-545,-652.6873955761049
-544,-649.4878106116915
-543,-646.2752093170811
-542,-643.0498862725923
-541,-639.8121360585428
-540,-636.5622532552514
-539,-633.3005324430362
-538,-630.0272682022161
-537,-626.7427551131091
-536,-623.4472877560333
-535,-620.1411607113074
-534,-616.8246685592499
-533,-613.4981058801789
-532,-610.1617672544127
-531,-606.8159472622699
-530,-603.4609404840686
-529,-600.0970415001278
-528,-596.7245448907651
-527,-593.343745236299
-526,-589.9549371170483
-525,-586.558415113331
-524,-583.1544738054656
-523,-579.7434077737703
-522,-576.3255115985637
-521,-572.9010798601639
-520,-569.4704071388895
-519,-566.0337880150589
-518,-562.5915170689902
-517,-559.143888881002
-516,-555.6911980314126
-515,-552.2337391005401
-514,-548.7718066687034
-513,-545.3056953162204
-512,-541.8356996234096
-511,-538.3621141705896
-510,-534.8852335380782
-509,-531.4053523061943
-508,-527.9227650552564
-507,-524.4377663655824
-506,-520.9506508174906
-505,-517.4617129912996
-504,-513.971247467328
-503,-510.4795488258937
-502,-506.98691164731537
-501,-503.4936305119113
-500,-499.9999999999997
-499,-496.5063152398612
-498,-493.0128735516233
-497,-489.51997280337565
-496,-486.02791086320826
-495,-482.5369855992104
-494,-479.04749487947225
-493,-475.5597365720832
-492,-472.07400854513315
-491,-468.59060866671166
-490,-465.1098348049086
-489,-461.63198482781365
-488,-458.1573566035163
-487,-454.6862480001064
-486,-451.21895688567355
-485,-447.7557811283078
-484,-444.29701859609855
-483,-440.84296715713543
-482,-437.3939246795084
-481,-433.95018903130705
-480,-430.5120580806211
-479,-427.0798296955401
-478,-423.6538017441541
-477,-420.2342720945525
-476,-416.8215386148253
-475,-413.4158991730618
-474,-410.017651637352
-473,-406.6270938757854
-472,-403.24452375645205
-471,-399.87023914744145
-470,-396.5045379168431
-469,-393.14771793274707
-468,-389.8000770632431
-467,-386.46191317642035
-466,-383.1335241403691
-465,-379.8152078231786
-464,-376.5072620929391
-463,-373.20998481773984
-462,-369.9236738656707
-461,-366.6486271048213
-460,-363.3851424032815
-459,-360.1335176291408
-458,-356.8940506504893
-457,-353.6670393354161
-456,-350.45278155201146
-455,-347.25157516836487
-454,-344.0637180525659
-453,-340.8895080727046
-452,-337.72924309687033
-451,-334.58322099315285
-450,-331.45173962964185
-449,-328.33509687442745
-448,-325.23359059559914
-447,-322.14751866124595
-446,-319.0771789394587
-445,-316.02286929832627
-444,-312.9848876059389
-443,-309.96353173038597
-442,-306.9590995397572
-441,-303.9718889021424
-440,-301.00219768563113
-439,-298.05032375831337
-438,-295.1165649882787
-437,-292.20121924361666
-436,-289.30458439241704
-435,-286.42695830276955
-434,-283.5686388427643
-433,-280.7299238804904
-432,-277.91111128403776
-431,-275.11249892149607
-430,-272.33438466095515
-429,-269.57706637050495
-428,-266.84084191823433
-427,-264.12600917223386
-426,-261.432866000593
-425,-258.7617102714013
-424,-256.11283985274827
-423,-253.48655261272418
-422,-250.8831464194181
-421,-248.30291914092052
-420,-245.74616864532044
-419,-243.21319280070804
-418,-240.70428947517254
-417,-238.2197565368042
-416,-235.75989185369227
-415,-233.32499329392687
-414,-230.91535872559726
-413,-228.53128601679333
-412,-226.17307303560494
-411,-223.84101765012164
-410,-221.53541772843323
-409,-219.2565711386292
-408,-217.00477574879955
-407,-214.78032942703376
-406,-212.5835300414218
-405,-210.41467546005305
-404,-208.27406355101724
-403,-206.16199218240465
-402,-204.07875922230414
-401,-202.02466253880567
-400,-199.99999999999972
-399,-198.0049716359331
-398,-196.03938612448616
-397,-194.1029543054976
-396,-192.1953870188051
-395,-190.31639510424705
-394,-188.46568940166173
-393,-186.6429807508876
-392,-184.84797999176266
-391,-183.08039796412493
-390,-181.33994550781293
-389,-179.62633346266483
-388,-177.93927266851892
-387,-176.2784739652132
-386,-174.6436481925861
-385,-173.03450619047558
-384,-171.45075879872036
-383,-169.89211685715807
-382,-168.35829120562755
-381,-166.84899268396663
-380,-165.36393213201356
-379,-163.90282038960683
-378,-162.46536829658424
-377,-161.05128669278446
-376,-159.66028641804542
-375,-158.29207831220538
-374,-156.9463732151028
-373,-155.62288196657553
-372,-154.32131540646205
-371,-153.04138437460054
-370,-151.78279971082924
-369,-150.5452722549862
-368,-149.3285128469102
-367,-148.13223232643875
-366,-146.9561415334105
-365,-145.7999513076637
-364,-144.66337248903628
-363,-143.54611591736685
-362,-142.44789243249323
-361,-141.36841287425392
-360,-140.30738808248705
-359,-139.26452889703103
-358,-138.23954615772385
-357,-137.2321507044038
-356,-136.24205337690904
-355,-135.2689650150779
-354,-134.31259645874866
-353,-133.37265854775958
-352,-132.44886212194876
-351,-131.54091802115428
-350,-130.64853708521457
-349,-129.77143015396805
-348,-128.90930806725262
-347,-128.06188166490654
-346,-127.22886178676825
-345,-126.4099592726758
-344,-125.60488496246737
-343,-124.81334969598126
-342,-124.03506431305588
-341,-123.26973965352897
-340,-122.51708655723934
-339,-121.77681586402494
-338,-121.048638413724
-337,-120.33226504617474
-336,-119.62740660121543
-335,-118.93377391868414
-334,-118.25107783841923
-333,-117.57902920025936
-332,-116.91733884404182
-331,-116.26571760960569
-330,-115.6238763367885
-329,-114.99152586542931
-328,-114.3683770353656
-327,-113.75414068643579
-326,-113.14852765847813
-325,-112.55124879133115
-324,-111.96201492483254
-323,-111.380536898821
-322,-110.80652555313449
-321,-110.23969172761136
-320,-109.67974626208996
-319,-109.12639999640814
-318,-108.57936377040444
-317,-108.038348423917
-316,-107.50306479678406
-315,-106.97322372884376
-314,-106.44853605993433
-313,-105.92871262989408
-312,-105.41346427856115
-311,-104.90250184577397
-310,-104.3955361713706
-309,-103.89227809518938
-308,-103.39243845706818
-307,-102.89572809684574
-306,-102.40185785436003
-305,-101.91053856944926
-304,-101.42148108195171
-303,-100.93439623170553
-302,-100.44899485854899
-301,-99.964987802320593
-300,-99.48208590285816
-299,-99.00000000000004
-298,-98.51848836013775
-297,-98.0374989558759
-296,-97.55702718637222
-295,-97.07706845078448
-294,-96.5976181482705
-293,-96.11867167798833
-292,-95.64022443909543
-291,-95.16227183074966
-290,-94.68480925210949
-289,-94.20783210233184
-288,-93.73133578057501
-287,-93.25531568599645
-286,-92.77976721775434
-285,-92.30468577500642
-284,-91.8300667569104
-283,-91.35590556262409
-282,-90.8821975913055
-281,-90.40893824211226
-280,-89.93612291420202
-279,-89.46374700673303
-278,-88.9918059188628
-277,-88.5202950497492
-276,-88.04920979854984
-275,-87.5785455644228
-274,-87.1082977465259
-273,-86.63846174401692
-272,-86.16903295605367
-271,-85.70000678179392
-270,-85.23137862039547
-269,-84.76314387101617
-268,-84.29529793281358
-267,-83.82783620494585
-266,-83.360754086571
-265,-82.8940469768463
-264,-82.42771027492965
-263,-81.96173937997906
-262,-81.49612969115235
-261,-81.03087660760747
-260,-80.56597552850184
-259,-80.10142185299328
-258,-79.63721098023996
-257,-79.17333830939987
-256,-78.70979923962992
-255,-78.24658917008873
-254,-77.78370349993376
-253,-77.32113762832304
-252,-76.85888695441392
-251,-76.396946877365
-250,-75.93531279633338
-249,-75.47398011047726
-248,-75.01294421895452
-247,-74.5522005209226
-246,-74.09174441553925
-245,-73.63157130196281
-244,-73.17167657935063
-243,-72.71205564686063
-242,-72.2527039036511
-241,-71.79361674887936
-240,-71.33478958170322
-239,-70.87621780128036
-238,-70.41789680676895
-237,-69.95982199732678
-236,-69.50198877211155
-235,-69.04439253028096
-234,-68.58702867099291
-233,-68.12989259340544
-232,-67.67297969667592
-231,-67.21628537996257
-230,-66.75980504242301
-229,-66.3035340832151
-228,-65.8474679014966
-227,-65.39160189642516
-226,-64.93593146715908
-225,-64.48045201285576
-224,-64.02515893267305
-223,-63.57004762576875
-222,-63.115113491301
-221,-62.6603519284274
-220,-62.20575833630548
-219,-61.75132811409343
-218,-61.29705666094905
-217,-60.84293937603002
-216,-60.38897165849425
-215,-59.9351489074992
-214,-59.4814665222033
-213,-59.02791990176382
-212,-58.574504445338746
-211,-58.121215552085964
-210,-57.6680486211633
-209,-57.21499905172867
-208,-56.762062242939486
-207,-56.309233593953586
-206,-55.85650850392951
-205,-55.40388237202433
-204,-54.95135059739608
-203,-54.4989085792023
-202,-54.046551716601584
-201,-53.594275408751066
-200,-53.1420750548086
-199,-52.689946053932324
-198,-52.23788380527971
-197,-51.78588370800891
-196,-51.333941161277245
-195,-50.882051564243
-194,-50.43021031606385
-193,-49.978412815897464
-192,-49.52665446290183
-191,-49.0749306562347
-190,-48.623236795053934
-189,-48.17156827851737
-188,-47.719920505782376
-187,-47.26828887600727
-186,-46.81666878834993
-185,-46.36505564196796
-184,-45.913444836019
-183,-45.46183176966101
-182,-45.010211842052044
-181,-44.5585804523495
-180,-44.10693299971172
-179,-43.65526488329582
-178,-43.20357150225998
-177,-42.7518482557621
-176,-42.30009054296012
-175,-41.848293763011505
-174,-41.39645331507423
-173,-40.94456459830592
-172,-40.49262301186457
-171,-40.04062395490799
-170,-39.5885628265939
-169,-39.13643502608053
-168,-38.68423595252502
-167,-38.23196100508543
-166,-37.7796055829199
-165,-37.32716508518601
-164,-36.87463491104145
-163,-36.42201045964398
-162,-35.969287130151706
-161,-35.51646032172265
-160,-35.06352543351388
-159,-34.61047786468366
-158,-34.1573130143897
-157,-33.70402628178997
-156,-33.25061306604197
-155,-32.797068766303866
-154,-32.34338878173342
-153,-31.889568511488335
-152,-31.43560335472627
-151,-30.98148871060528
-150,-30.527219978283302
-149,-30.072792556917616
-148,-29.618201845666604
-147,-29.163443243687585
-146,-28.70851215013868
-145,-28.253403964177977
-144,-27.798114084962602
-143,-27.34263791165093
-142,-26.88697084340028
-141,-26.43110827936909
-140,-25.975045618714624
-139,-25.51877826059494
-138,-25.062301604168013
-137,-24.60561104859126
-136,-24.148701993022712
-135,-23.691569836620058
-134,-23.2342099785413
-133,-22.776617817944395
-132,-22.318788753986546
-131,-21.86071818582593
-130,-21.402401512620756
-129,-20.943834133528252
-128,-20.485011447706228
-127,-20.025928854312834
-126,-19.566581752505904
-125,-19.10696554144316
-124,-18.64707562028215
-123,-18.18690738818076
-122,-17.726456244297143
-121,-17.26571758778874
-120,-16.804686817813575
-119,-16.343359333529463
-118,-15.881730534094261
-117,-15.419795818665582
-116,-14.957550586401224
-115,-14.494990236459056
-114,-14.032110167997137
-113,-13.568905780173074
-112,-13.105372472144534
-111,-12.641505643069461
-110,-12.177300692105952
-109,-11.71275301841158
-108,-11.247858021143923
-107,-10.782611099461102
-106,-10.317007652520672
-105,-9.851043079480771
-104,-9.384712779499123
-103,-8.91801215173334
-102,-8.450936595341453
-101,-7.983481509481008
-100,-7.515642293310156
-99,-7.047414345986561
-98,-6.578793066668087
-97,-6.1097738545122535
-96,-5.640352108677094
-95,-5.170523228320588
-94,-4.700282612600478
-93,-4.2296256606739
-92,-3.758547771699894
-91,-3.2870443448352584
-90,-2.8151107792384793
-89,-2.342742474066841
-88,-1.8699348284784403
-87,-1.3966832416309733
-86,-0.9229831126825849
-85,-0.4488298407905633
-84,0.025781174887055336
-83,0.5008545351923441
-82,0.9763948409675041
-81,1.4524066930547805
-80,1.928894692296605
-79,2.4058634395349863
-78,2.8833175356117886
-77,3.3612615813695434
-76,3.8397001776504975
-75,4.318637925296398
-74,4.798079425150056
-73,5.278029278053332
-72,5.758492084848472
-71,6.239472446377153
-70,6.720974963482773
-69,7.2030042370061
-68,7.6855648677904655
-67,8.168661456677437
-66,8.652298604509323
-65,9.136480912128258
-64,9.621212980376727
-63,10.106499410096465
-62,10.592344802130054
-61,11.078753757319536
-60,11.565730876507093
-59,12.053280760534864
-58,12.541408010244929
-57,13.030117226480053
-56,13.519413010081635
-55,14.009299961892253
-54,14.49978268275435
-53,14.990865773509427
-52,15.482553835000417
-51,15.974851468068945
-50,16.46776327355765
-49,16.96129385230863
-48,17.455447805163498
-47,17.950229732965028
-46,18.445644236555232
-45,18.94169591677637
-44,19.438389374470567
-43,19.935729210479913
-42,20.433720025647105
-41,20.93236642081379
-40,21.431672996821963
-39,21.931644354514347
-38,22.43228509473295
-37,22.933599818319987
-36,23.43559312611753
-35,23.938269618967926
-34,24.441633897713054
-33,24.94569056319556
-32,25.450444216257385
-31,25.955899457740458
-30,26.46206088848755
-29,26.96893310934032
-28,27.47652072114121
-27,27.9848283247324
-26,28.49386052095603
-25,29.003621910654246
-24,29.514117094669395
-23,30.025350673843345
-22,30.537327249018915
-21,31.05005142103738
-20,31.56352779074186
-19,32.077760958973904
-18,32.592755526575814
-17,33.10851609438965
-16,33.625047263258544
-15,34.142353634023216
-14,34.660439807527155
-13,35.17931038461162
-12,35.69896996611934
-11,36.21942315289219
-10,36.740674545772535
-9,37.26272874560261
-8,37.785590353224514
-7,38.309263969480185
-6,38.83375419521213
-5,39.35906563126288
-4,39.88520287847375
-3,40.41217053768759
-2,40.939973209746235
-1,41.46861549549183
0,41.99810199576738
1,42.52843731141391
2,43.059626043274186
3,43.59167279219077
4,44.12458215900493
5,44.65835874455959
6,45.19300714969674
7,45.728531975258846
8,46.26493782208746
9,46.80222929102485
10,47.34041098291361
11,47.87948749859565
12,48.41946343891367
13,48.96034340470915
14,49.50213199682446
15,50.044833816102106
16,50.58845346338417
17,51.132995539512606
18,51.678464645329825
19,52.22486538167783
20,52.772202349399116
21,53.32048014933535
22,53.869703382329035
23,54.41987664922269
24,54.9710045508582
25,55.523091688077464
26,56.0761426617229
27,56.63016207263689
28,57.18515452166163
29,57.74112460963874
30,58.298076937411125
31,58.85601610582075
32,59.414946715709306
33,59.97487336791929
34,60.53580066329323
35,61.09773320267357
36,61.660675586901235
37,62.2246324168193
38,62.789608293270135
39,63.35560781709536
40,63.92263558913758
41,64.49069621023864
42,65.05979428124103
43,65.62993440298675
44,66.20112117631795
45,66.77335920207724
46,67.3466530811063
47,67.92100741424734
48,68.49642680234302
49,69.07291584623528
50,69.65047914676558
51,70.22912130477742
52,70.80884692111209
53,71.38966059661212
54,71.97156693211947
55,72.5545705284767
56,73.13867598652553
57,73.72388790710842
58,74.3102108910676
59,74.8976495392452
60,75.48620845248362
61,76.07589223162438
62,76.66670547751009
63,77.25865279098329
64,77.85173877288561
65,78.4459680240595
66,79.04134514534692
67,79.63787473759045
68,80.23556140163213
69,80.8344097383139
70,81.43442434847812
71,82.03560983296718
72,82.63797079262287
73,83.24151182828776
74,83.8462375408035
75,84.45215253101301
76,85.05926139975799
77,85.66756874788078
78,86.27707917622337
79,86.88779728562832
80,87.49972767693751
81,88.11287495099302
82,88.72724370863737
83,89.34283855071286
84,89.95966407806135
85,90.57772489152494
86,91.19702559194594
87,91.81757078016665
88,92.43936505702943
89,93.06241302337595
90,93.68671928004892
91,94.31228842789041
92,94.93912506774221
93,95.56723380044649
94,96.19661922684602
95,96.82728594778284
96,97.45923856409907
97,98.09248167663658
98,98.72701988623758
99,99.36285779374505
100,100.00000000000017
101,100.63845005903778
102,101.27820733766073
103,101.91927015586283
104,102.5616368336401
105,103.20530569098662
106,103.85027504789738
107,104.496543224367
108,105.14410854039043
109,105.79296931596217
110,106.44312387107733
111,107.0945705257303
112,107.74730759991658
113,108.40133341363014
114,109.05664628686627
115,109.71324453961941
116,110.37112649188471
117,111.03029046365666
118,111.69073477493012
119,112.35245774569994
120,113.01545769596042
121,113.67973294570699
122,114.34528181493418
123,115.0121026236371
124,115.68019369181006
125,116.3495533394477
126,117.02017988654522
127,117.69207165309739
128,118.36522695909856
129,119.03964412454407
130,119.71532146942862
131,120.39225731374647
132,121.07044997749281
133,121.74989778066237
134,122.43059904324977
135,123.1125520852501
136,123.79575522665785
137,124.48020678746795
138,125.165905087675
139,125.85284844727433
140,126.54103518626015
141,127.23046362462722
142,127.92113208237076
143,128.61303887948483
144,129.30618233596502
145,130.00056077180568
146,130.6961725070014
147,131.39301586154755
148,132.0910891554385
149,132.7903907086693
150,133.4909188412342
151,134.19267187312838
152,134.89564812434645
153,135.59984591488376
154,136.30526356473416
155,137.01189939389292
156,137.71975172235506
157,138.42881887011467
158,139.13909915716727
159,139.85059090350717
160,140.5632924291294
161,141.2772020540284
162,141.99231809819943
163,142.70863888163709
164,143.42616272433594
165,144.14488794629082
166,144.86481286749657
167,145.58593580794812
168,146.3082550876401
169,147.03176902656733
170,147.75647594472463
171,148.48237416210645
172,149.209461998708
173,149.93773777452373
174,150.66719980954906
175,151.3978464237778
176,152.12967593720546
177,152.86268666982653
178,153.5968769416358
179,154.33224507262818
180,155.06878938279846
181,155.8065081921409
182,156.54539982065094
183,157.28546258832316
184,158.02669481515227
185,158.76909482113317
186,159.51266092626057
187,160.25739145052881
188,161.0032847139333
189,161.75033903646855
190,162.49855273812963
191,163.2479241389107
192,163.99845155880715
193,164.7501333178135
194,165.50296773592453
195,166.25695313313514
196,167.01208782943968
197,167.76837014483374
198,168.52579839931118
199,169.28437091286773
200,170.04408600549706
201,170.80494199719485
202,171.5669372079555
203,172.33006995777396
204,173.09433856664475
205,173.8597413545627
206,174.62627664152316
207,175.39394274752001
208,176.16273799254856
209,176.93266069660362
210,177.70370917967966
211,178.47588176177197
212,179.2491767628744
213,180.02359250298284
214,180.79912730209145
215,181.5757794801952
216,182.3535473572884
217,183.13242925336618
218,183.91242348842408
219,184.69352838245524
220,185.47574225545608
221,186.2590634274199
222,187.043490218343
223,187.82902094821915
224,188.61565393704308
225,189.40338750481035
226,190.19221997151453
227,190.98214965715164
228,191.77317488171585
229,192.56529396520196
230,193.35850522760472
231,194.1528069889191
232,194.9481975691396
233,195.74467528826142
234,196.54223846627897
235,197.3408854231871
236,198.14061447898098
237,198.94142395365463
238,199.7433121672034
239,200.5462774396218
240,201.35031809090478
241,202.1554324410473
242,202.96161881004357
243,203.76887551788892
244,204.57720088457773
245,205.386593230105
246,206.19705087446545
247,207.00857213765389
248,207.82115533966524
249,208.63479880049408
250,209.44950084013516
251,210.26525977858336
252,211.08207393583336
253,211.89994163188013
254,212.71886118671807
255,213.5388309203424
256,214.35984915274756
257,215.18191420392893
258,216.00502439388032
259,216.82917804259716
260,217.65437347007423
261,218.48060899630616
262,219.30788294128746
263,220.13619362501368
264,220.96553936747887
265,221.7959184886779
266,222.62732930860582
267,223.4597701472573
268,224.29323932462725
269,225.12773516071013
270,225.96325597550086
271,226.79980008899423
272,227.63736582118526
273,228.47595149206825
274,229.31555542163846
275,230.15617592989048
276,230.99781133681876
277,231.84045996241878
278,232.68412012668432
279,233.52879014961138
280,234.3744683511942
281,235.22115305142685
282,236.068842570305
283,236.91753522782304
284,237.76722934397606
285,238.61792323875864
286,239.46961523216564
287,240.3223036441917
288,241.17598679483137
289,242.03066300408005
290,242.88633059193188
291,243.74298787838228
292,244.6006331834256
293,245.45926482705676
294,246.31888112927047
295,247.17948041006133
296,248.04106098942452
297,248.9036211873546
298,249.76715932384639
299,250.63167371889463
300,251.4971626924944
301,252.36362456463962
302,253.2310576553262
303,254.099460284548
304,254.96883077230035
305,255.83916743857765
306,256.710468603375
307,257.58273258668714
308,258.45595770850844
309,259.33014228883417
310,260.20528464765925
311,261.08138310497765
312,261.9584359807849
313,262.83644159507526
314,263.71539826784414
315,264.5953043190858
316,265.47615806879514
317,266.35795783696676
318,267.240701943596
319,268.1243887086772
320,269.0090164522053
321,269.89458349417487
322,270.78108815458063
323,271.66852875341795
324,272.5569036106808
325,273.4462110463646
326,274.3364493804643
327,275.22761693297366
328,276.1197120238884
329,277.01273297320245
330,277.9066781009118
331,278.8015457270101
332,279.6973341714928
333,280.5940417543543
334,281.4916667955896
335,282.39020761519345
336,283.28966253316037
337,284.19002986948567
338,285.0913079441633
339,285.99349507718915
340,286.8965895885571
341,287.8005897982623
342,288.7054940262995
343,289.61130059266327
344,290.5180078173485
345,291.4256140203505
346,292.3341175216632
347,293.2435166412817
348,294.153809699201
349,295.0649950154154
350,295.97707090992037
351,296.8900357027103
352,297.8038877137798
353,298.71862526312384
354,299.63424667073696
355,300.5507502566145
356,301.4681343407506
357,302.3863972431408
358,303.3055372837791
359,304.2255527826606
360,305.14644205978004
361,306.06820343513215
362,306.9908352287124
363,307.91433576051423
364,308.8387033505335
365,309.76393631876465
366,310.69003298520215
367,311.61699166984147
368,312.5448106926767
369,313.47348837370305
370,314.40302303291514
371,315.33341299030764
372,316.2646565658757
373,317.19675207961393
374,318.12969785151677
375,319.06349220157927
376,319.9981334497963
377,320.93361991616257
378,321.86994992067275
379,322.80712178332135
380,323.7451338241041
381,324.6839843630151
382,325.6236717200491
383,326.564194215201
384,327.50555016846533
385,328.4477378998374
386,329.39075572931137
387,330.3346019768826
388,331.2792749625458
389,332.224773006295
390,333.1710944281262
391,334.1182375480328
392,335.0662006860109
393,336.01498216205454
394,336.9645802961586
395,337.91499340831774
396,338.8662198185271
397,339.8182578467811
398,340.7711058130749
399,341.7247620374025
400,342.6792248397595
401,343.6344925401406
402,344.5905634585404
403,345.54743591495355
404,346.50510822937486
405,347.4635787217993
406,348.4228457122213
407,349.3829075206359
408,350.34376246703806
409,351.3054088714222
410,352.2678450537835
411,353.2310693341164
412,354.19508003241566
413,355.1598754686764
414,356.12545396289283
415,357.0918138350603
416,358.05895340517304
417,359.0268709932264
418,359.99556491921487
419,360.9650335031334
420,361.9352750649767
421,362.90628792473916
422,363.8780704024159
423,364.8506208180017
424,365.8239374914915
425,366.7980187428798
426,367.7728628921616
427,368.7484682593314
428,369.72483316438377
429,370.70195592731466
430,371.6798348681173
431,372.6584683067876
432,373.63785456331976
433,374.6179919577089
434,375.5988788099497
435,376.58051344003684
436,377.5628941679651
437,378.54601931372906
438,379.5298871973239
439,380.5144961387442
440,381.4998444579849
441,382.4859304750405
442,383.4727525099063
443,384.46030888257644
444,385.44859791304606
445,386.43761792131
446,387.4273672273623
447,388.41784415119866
448,389.4090470128134
449,390.40097413220167
450,391.39362382935803
451,392.386994424277
452,393.38108423695377
453,394.37589158738274
454,395.37141479555896
455,396.3676521814774
456,397.36460206513226
457,398.3622627665191
458,399.36063260563157
459,400.35970990246557
460,401.3594929770152
461,402.35998014927554
462,403.3611697392412
463,404.3630600669072
464,405.36564945226786
465,406.36893621531885
466,407.3729186760539
467,408.3775951544684
468,409.382963970557
469,410.38902344431415
470,411.39577189573544
471,412.40320764481487
472,413.4113290115475
473,414.42013431592824
474,415.4296218779515
475,416.4397900176124
476,417.45063705490554
477,418.462161309826
478,419.474361102368
479,420.48723475252706
480,421.5007805802973
481,422.51499690567374
482,423.52988204865113
483,424.5454343292246
484,425.5616520673881
485,426.5785335831374
486,427.59607719646664
487,428.6142812273704
488,429.6331439958442
489,430.65266382188224
490,431.6728390254798
491,432.6936679266313
492,433.715148845331
493,434.7372801015748
494,435.7600600153569
495,436.7834869066722
496,437.8075590955152
497,438.8322749018807
498,439.8576326457638
499,440.88363064715895
500,441.91026722606125
501,442.93754070246536
502,443.96544939636624
503,444.9939916277582
504,446.02316571663624
505,447.0529699829955
506,448.0834027468301
507,449.1144623281354
508,450.14614704690564
509,451.1784552231361
510,452.21138517682084
511,453.24493522795615
512,454.2791036965353
513,455.31388890255306
514,456.3492891660054
515,457.385302806886
516,458.4219281451906
517,459.45916350091295
518,460.49700719404854
519,461.53545754459185
520,462.57451287253775
521,463.614171497881
522,464.6544317406165
523,465.69529192073867
524,466.73675035824255
525,467.77880537312325
526,468.8214552853748
527,469.86469841499286
528,470.9085330819713
529,471.9529576063054
530,472.9979703079898
531,474.04356950701947
532,475.08975352338916
533,476.1365206770933
534,477.1838692881271
535,478.2317976764853
536,479.2803041621623
537,480.32938706515347
538,481.3790447054526
539,482.42927540305533
540,483.4800774779564
541,484.5314492501503
542,485.5833890396319
543,486.63589516639627
544,487.6889659504375
545,488.74259971175104
546,489.7967947703313
547,490.85154944617295
548,491.90686205927125
549,492.9627309296207
550,494.0191543772158
551,495.0761307220522
552,496.133658284124
553,497.1917353834257
554,498.2503603399524
555,499.30953147369917
556,500.3692471046608
557,501.4295055528314
558,502.4903051382057
559,503.5516441807801
560,504.6135210005474
561,505.6759339175036
562,506.7388812516432
563,507.8023613229604
564,508.86637245145073
565,509.93091295710855
566,510.99598115992876
567,512.0615753799061
568,513.1276939370357
569,514.1943351513121
570,515.2614973427297
571,516.3291788312836
572,517.3973779369687
573,518.4660929797797
574,519.5353222797107
575,520.6050641567583
576,521.6753169309152
577,522.7460789221775
578,523.8173484505392
579,524.8891238359957
580,525.9614033985412
581,527.0341854581707
582,528.1074683348797
583,529.1812503486619
584,530.2555298195125
585,531.3303050674264
586,532.4055744123986
587,533.4813361744228
588,534.557588673495
589,535.6343302296095
590,536.711559162761
591,537.7892737929443
592,538.8674724401544
593,539.9461534243861
594,541.0253150656335
595,542.1049556838923
596,543.1850735991567
597,544.2656671314219
598,545.3467346006821
599,546.4282743269325
600,547.5102846301679
601,548.5927638303829
602,549.6757102475722
603,550.7591222017306
604,551.8429980128535
605,552.9273360009346
606,554.0121344859693
607,555.0973917879527
608,556.1831062268791
609,557.2692761227436
610,558.3558997955402
611,559.4429755652646
612,560.5305017519113
613,561.6184766754749
614,562.70689865595
615,563.7957660133324
616,564.8850770676147
617,565.9748301387946
618,567.065023546865
619,568.1556556118205
620,569.2467246536571
621,570.3382289923685
622,571.4301669479504
623,572.522536840397
624,573.6153369897027
625,574.7085657158632
626,575.8022213388726
627,576.8963021787262
628,577.990806555418
629,579.0857327889437
630,580.1810791992974
631,581.2768441064743
632,582.373025830469
633,583.4696226912758
634,584.5666330088906
635,585.6640551033072
636,586.7618872945204
637,587.860127902526
638,588.9587752473175
639,590.0578276488908
640,591.1572834272397
641,592.2571409023595
642,593.3573983942448
643,594.458054222891
644,595.5591067082914
645,596.6605541704421
646,597.7623949293378
647,598.8646273049728
648,599.9672496173421
649,601.0702601864404
650,602.1736573322628
651,603.2774393748036
652,604.3816046340577
653,605.48615143002
654,606.5910780826852
655,607.6963829120481
656,608.8020642381031
657,609.9081203808461
658,611.0145496602709
659,612.1213503963721
660,613.2285209091452
661,614.3360595185846
662,615.4439645446853
663,616.5522343074421
664,617.6608671268497
665,618.7698613229022
666,619.8792152155954
667,620.9889271249235
668,622.0989953708815
669,623.2094182734644
670,624.320194152666
671,625.4313213284823
672,626.5427981209074
673,627.6546228499363
674,628.7667938355637
675,629.8793093977845
676,630.9921678565934
677,632.1053675319846
678,633.2189067439541
679,634.3327838124954
680,635.4469970576041
681,636.5615447992752
682,637.6764253575024
683,638.7916370522812
684,639.9071782036066
685,641.0230471314729
686,642.1392421558752
687,643.255761596808
688,644.3726037742663
689,645.4897670082447
690,646.6072496187383
691,647.7250499257412
692,648.8431662492492
693,649.9615969092558
694,651.080340225757
695,652.1993945187471
696,653.318758108221
697,654.4384293141725
698,655.5584064565974
699,656.678687855491
700,657.7992718308468
701,658.92015670266
702,660.0413407909257
703,661.1628224156385
704,662.2845998967936
705,663.406671554385
706,664.5290357084077
707,665.6516906788565
708,666.7746347857267
709,667.8978663490122
710,669.021383688709
711,670.1451851248103
712,671.2692689773121
713,672.3936335662085
714,673.5182772114947
715,674.6431982331654
716,675.7683949512154
717,676.8938656856393
718,678.0196087564319
719,679.1456224835882
720,680.271905187103
721,681.3984551869705
722,682.5252708031859
723,683.6523503557446
724,684.7796921646401
725,685.907294549868
726,687.0351558314228
727,688.1632743292993
728,689.2916483634926
729,690.4202762539975
730,691.5491563208077
731,692.6782868839196
732,693.8076662633267
733,694.9372927790247
734,696.0671647510076
735,697.1972804992703
736,698.3276383438083
737,699.4582366046155
738,700.589073601687
739,701.7201476550179
740,702.8514570846028
741,703.9830002104359
742,705.114775352513
743,706.2467808308281
744,707.3790149653762
745,708.5114760761522
746,709.6441624831505
747,710.7770725063664
748,711.9102044657945
749,713.0435566814293
750,714.1771274732664
751,715.310915161299
752,716.4449180655234
753,717.579134505934
754,718.7135628025251
755,719.8482012752918
756,720.9830482442289
757,722.1181020293309
758,723.2533609505936
759,724.3888233280103
760,725.5244874815763
761,726.6603517312869
762,727.7964143971367
763,728.9326737991203
764,730.0691282572324
765,731.2057760914681
766,732.3426156218214
767,733.4796451682882
768,734.6168630508624
769,735.7542675895388
770,736.891857104313
771,738.0296299151793
772,739.1675843421323
773,740.3057187051667
774,741.4440313242776
775,742.5825205194598
776,743.7211846107072
777,744.8600219180162
778,745.9990307613807
779,747.1382094607948
780,748.2775563362544
781,749.4170697077536
782,750.5567478952877
783,751.6965892188513
784,752.8365919984384
785,753.9767545540452
786,755.1170752056653
787,756.2575522732941
788,757.3981840769263
789,758.5389689365561
790,759.6799051721791
791,760.82099110379
792,761.9622250513823
793,763.103605334953
794,764.2451302744948
795,765.3867981900039
796,766.5286074014743
797,767.6705562289009
798,768.8126429922786
799,769.9548660116021
800,771.0972236068666
801,772.2397140980657
802,773.3823358051957
803,774.5250870482507
804,775.6679661472252
805,776.8109714221141
806,777.9541011929125
807,779.0973537796149
808,780.2407275022163
809,781.3842206807117
810,782.5278316350946
811,783.6715586853616
812,784.8154001515056
813,785.9593543535234
814,787.1034196114082
815,788.2475942451551
816,789.3918765747592
817,790.5362649202157
818,791.680757601518
819,792.8253529386624
820,793.9700492516429
821,795.1148448604542
822,796.2597380850914
823,797.4047272455489
824,798.5498106618222
825,799.6949866539051
826,800.8402535417932
827,801.985609645481
828,803.131053284963
829,804.2765827802345
830,805.4221964512899
831,806.5678926181236
832,807.7136696007312
833,808.8595257191068
834,810.0054592932468
835,811.1514686431431
836,812.2975520887933
837,813.4437079501901
838,814.5899345473293
839,815.7362302002056
840,816.8825932288134
841,818.0290219531485
842,819.1755146932043
843,820.3220697689766
844,821.4686855004595
845,822.6153602076481
846,823.7620922105376
847,824.9088798291218
848,826.0557213833961
849,827.2026151933553
850,828.3495595789941
851,829.496552860307
852,830.6435933572895
853,831.7906793899355
854,832.9378092782401
855,834.0849813421983
856,835.2321939018052
857,836.379445277055
858,837.526733787942
859,838.6740577544622
860,839.8214154966092
861,840.9688053343784
862,842.116225587765
863,843.2636745767632
864,844.4111506213676
865,845.5586520415735
866,846.7061771573754
867,847.8537242887678
868,849.0012917557458
869,850.1488778783043
870,851.2964809764384
871,852.4440993701419
872,853.5917313794101
873,854.7393753242379
874,855.8870295246201
875,857.0346923005511
876,858.182361972026
877,859.3300368590396
878,860.4777152815865
879,861.6253955596615
880,862.7730760132597
881,863.9207549623752
882,865.0684307270038
883,866.216101627139
884,867.363765982776
885,868.5114221139111
886,869.6590683405365
887,870.8067029826492
888,871.9543243602425
889,873.101930793312
890,874.2495206018523
891,875.3970921058578
892,876.5446436253237
893,877.692173480245
894,878.8396799906157
895,879.9871614764312
896,881.1346162576858
897,882.282042654375
898,883.4294389864929
899,884.5768035740346
900,885.7241347369946
901,886.8714307953683
902,888.01869006915
903,889.1659108783347
904,890.3130915429163
905,891.460230382891
906,892.6073257182525
907,893.7543758689959
908,894.9013791551165
909,896.048333896608
910,897.1952384134661
911,898.3420910256855
912,899.4888900532609
913,900.6356338161863
914,901.7823206344576
915,902.9289488280685
916,904.0755167170151
917,905.2220226212909
918,906.3684648608913
919,907.5148417558112
920,908.6611516260455
921,909.8073927915879
922,910.9535635724344
923,912.0996622885793
924,913.2456872600169
925,914.3916368067433
926,915.5375092487516
927,916.6833029060382
928,917.8290160985972
929,918.9746471464224
930,920.1201943695105
931,921.265656087855
932,922.4110306214504
933,923.5563162902922
934,924.7015114143747
935,925.8466143136934
936,926.9916233082429
937,928.1365367180176
938,929.2813528630124
939,930.4260700632218
940,931.5706866386405
941,932.7152009092645
942,933.8596111950873
943,935.0039158161045
944,936.1481130923098
945,937.2922013436985
946,938.436178890266
947,939.5800440520065
948,940.7237951489152
949,941.8674305009862
950,943.010948428215
951,944.1543472505958
952,945.2976252881236
953,946.4407808607931
954,947.5838122885996
955,948.7267178915366
956,949.8694959896005
957,951.0121449027847
958,952.1546629510851
959,953.2970484544959
960,954.4392997330117
961,955.5814151066279
962,956.7233928953383
963,957.8652314191387
964,959.0069289980232
965,960.1484839519869
966,961.2898946010245
967,962.4311592651306
968,963.5722762643007
969,964.7132439185285
970,965.8540605478101
971,966.9947244721386
972,968.1352340115103
973,969.2755874859188
974,970.4157832153603
975,971.5558195198277
976,972.6956947193178
977,973.8354071338235
978,974.9749550833407
979,976.1143368878642
980,977.253550867388
981,978.3925953419081
982,979.5314686314177
983,980.6701690559131
984,981.8086949353882
985,982.9470445898385
986,984.0852163392578
987,985.2232085036412
988,986.3610194029836
989,987.4986473572806
990,988.6360906865252
991,989.7733477107138
992,990.9104167498402
993,992.0472961239
994,993.1839841528874
995,994.3204791567969
996,995.4567794556237
997,996.5928833693633
998,997.7287892180091
999,998.8644953215563
1e3,999.9999999999999
1001,1001.1353018702614
1002,1002.2704007369666
1003,1003.4052967016682
1004,1004.5399898659181
1005,1005.6744803312697
1006,1006.8087681992754
1007,1007.9428535714873
1008,1009.076736549458
1009,1010.2104172347408
1010,1011.3438957288877
1011,1012.4771721334513
1012,1013.610246549984
1013,1014.7431190800384
1014,1015.8757898251673
1015,1017.008258886923
1016,1018.1405263668582
1017,1019.2725923665259
1018,1020.4044569874774
1019,1021.5361203312668
1020,1022.6675824994454
1021,1023.798843593567
1022,1024.9299037151827
1023,1026.0607629658462
1024,1027.191421447109
1025,1028.3218792605244
1026,1029.452136507645
1027,1030.5821932900237
1028,1031.7120497092117
1029,1032.8417058667628
1030,1033.971161864229
1031,1035.1004178031628
1032,1036.2294737851173
1033,1037.358329911645
1034,1038.486986284298
1035,1039.6154430046286
1036,1040.74370017419
1037,1041.8717578945345
1038,1042.9996162672144
1039,1044.127275393783
1040,1045.2547353757923
1041,1046.3819963147953
1042,1047.5090583123429
1043,1048.63592146999
1044,1049.7625858892877
1045,1050.8890516717893
1046,1052.015318919047
1047,1053.1413877326133
1048,1054.2672582140406
1049,1055.3929304648825
1050,1056.5184045866893
1051,1057.6436806810161
1052,1058.768758849414
1053,1059.8936391934358
1054,1061.018321814634
1055,1062.1428068145622
1056,1063.267094294771
1057,1064.3911843568142
1058,1065.5150771022445
1059,1066.6387726326138
1060,1067.7622710494752
1061,1068.8855724543812
1062,1070.008676948884
1063,1071.1315846345365
1064,1072.2542956128905
1065,1073.3768099854997
1066,1074.499127853916
1067,1075.621249319692
1068,1076.7431744843802
1069,1077.8649034495338
1070,1078.9864363167037
1071,1080.1077731874448
1072,1081.2289141633075
1073,1082.3498593458464
1074,1083.4706088366115
1075,1084.591162737158
1076,1085.7115211490366
1077,1086.8316841738008
1078,1087.951651913002
1079,1089.0714244681951
1080,1090.19100194093
1081,1091.3103844327613
1082,1092.42957204524
1083,1093.54856487992
1084,1094.6673630383525
1085,1095.7859666220904
1086,1096.904375732687
1087,1098.0225904716947
1088,1099.140610940666
1089,1100.2584372411527
1090,1101.3760694747082
1091,1102.4935077428845
1092,1103.610752147235
1093,1104.7278027893108
1094,1105.8446597706668
1095,1106.9613231928524
1096,1108.0777931574225
1097,1109.1940697659288
1098,1110.3101531199247
1099,1111.4260433209615
1100,1112.5417404705922
1101,1113.6572446703701
1102,1114.772556021847
1103,1115.8876746265753
1104,1117.0026005861087
1105,1118.1173340019977
1106,1119.2318749757965
1107,1120.3462236090575
1108,1121.460380003333
1109,1122.574344260175
1110,1123.688116481137
1111,1124.8016967677713
1112,1125.9150852216303
1113,1127.0282819442664
1114,1128.1412870372324
1115,1129.2541006020804
1116,1130.3667227403637
1117,1131.4791535536342
1118,1132.591393143445
1119,1133.7034416113488
1120,1134.8152990588967
1121,1135.9269655876428
1122,1137.0384412991398
1123,1138.1497262949388
1124,1139.260820676593
1125,1140.3717245456558
1126,1141.482438003679
1127,1142.5929611522145
1128,1143.7032940928166
1129,1144.8134369270358
1130,1145.923389756426
1131,1147.0331526825398
1132,1148.142725806929
1133,1149.252109231147
1134,1150.3613030567453
1135,1151.470307385278
1136,1152.5791223182957
1137,1153.6877479573525
1138,1154.7961844040005
1139,1155.9044317597916
1140,1157.0124901262795
1141,1158.1203596050157
1142,1159.2280402975534
1143,1160.3355323054454
1144,1161.4428357302434
1145,1162.5499506735007
1146,1163.6568772367689
1147,1164.7636155216019
1148,1165.870165629552
1149,1166.9765276621702
1150,1168.0827017210113
1151,1169.1886879076253
1152,1170.294486323567
1153,1171.4000970703885
1154,1172.5055202496414
1155,1173.6107559628786
1156,1174.715804311654
1157,1175.8206653975183
1158,1176.9253393220242
1159,1178.029826186726
1160,1179.1341260931747
1161,1180.2382391429228
1162,1181.3421654375243
1163,1182.4459050785304
1164,1183.5494581674939
1165,1184.6528248059674
1166,1185.756005095504
1167,1186.8589991376555
1168,1187.9618070339743
1169,1189.0644288860137
1170,1190.1668647953263
1171,1191.2691148634638
1172,1192.37117919198
1173,1193.4730578824256
1174,1194.5747510363549
1175,1195.67625875532
1176,1196.777581140873
1177,1197.8787182945673
1178,1198.9796703179545
1179,1200.0804373125875
1180,1201.1810193800188
1181,1202.2814166218013
1182,1203.3816291394876
1183,1204.481657034629
1184,1205.58150040878
1185,1206.681159363492
1186,1207.7806340003174
1187,1208.879924420809
1188,1209.9790307265196
1189,1211.0779530190016
1190,1212.1766913998076
1191,1213.2752459704902
1192,1214.373616832602
1193,1215.4718040876946
1194,1216.5698078373225
1195,1217.6676281830364
1196,1218.7652652263898
1197,1219.8627190689351
1198,1220.9599898122246
1199,1222.0570775578115
1200,1223.1539824072472
1201,1224.2507044620847
1202,1225.3472438238778
1203,1226.443600594177
1204,1227.539774874537
1205,1228.6357667665088
1206,1229.7315763716456
1207,1230.8272037914994
1208,1231.922649127623
1209,1233.0179124815702
1210,1234.1129939548916
1211,1235.2078936491398
1212,1236.302611665869
1213,1237.397148106631
1214,1238.4915030729783
1215,1239.5856766664635
1216,1240.6796689886385
1217,1241.7734801410568
1218,1242.86711022527
1219,1243.9605593428325
1220,1245.053827595294
1221,1246.1469150842101
1222,1247.2398219111312
1223,1248.3325481776103
1224,1249.4250939852004
1225,1250.5174594354542
1226,1251.609644629923
1227,1252.701649670161
1228,1253.7934746577205
1229,1254.8851196941528
1230,1255.9765848810114
1231,1257.067870319849
1232,1258.158976112217
1233,1259.249902359669
1234,1260.340649163758
1235,1261.4312166260356
1236,1262.5216048480543
1237,1263.6118139313678
1238,1264.7018439775275
1239,1265.7916950880858
1240,1266.881367364596
1241,1267.9708609086108
1242,1269.060175821682
1243,1270.1493122053635
1244,1271.2382701612053
1245,1272.3270497907624
1246,1273.4156511955864
1247,1274.50407447723
1248,1275.5923197372451
1249,1276.6803870771864
1250,1277.7682765986035
1251,1278.8559884030506
1252,1279.9435225920804
1253,1281.0308792672454
1254,1282.1180585300965
1255,1283.205060482189
1256,1284.2918852250734
1257,1285.3785328603028
1258,1286.4650034894303
1259,1287.551297214008
1260,1288.637414135588
1261,1289.7233543557231
1262,1290.8091179759674
1263,1291.8947050978704
1264,1292.980115822987
1265,1294.0653502528696
1266,1295.1504084890705
1267,1296.235290633141
1268,1297.3199967866353
1269,1298.4045270511053
1270,1299.4888815281033
1271,1300.5730603191828
1272,1301.6570635258952
1273,1302.7408912497938
1274,1303.8245435924307
1275,1304.9080206553585
1276,1305.9913225401306
1277,1307.074449348299
1278,1308.1574011814153
1279,1309.2401781410329
1280,1310.3227803287048
1281,1311.4052078459829
1282,1312.48746079442
1283,1313.569539275569
1284,1314.6514433909815
1285,1315.7331732422113
1286,1316.8147289308092
1287,1317.89611055833
1288,1318.9773182263239
1289,1320.0583520363462
1290,1321.1392120899461
1291,1322.2198984886793
1292,1323.300411334096
1293,1324.3807507277506
1294,1325.4609167711944
1295,1326.5409095659802
1296,1327.620729213661
1297,1328.700375815789
1298,1329.7798494739168
1299,1330.8591502895974
1300,1331.9382783643825
1301,1333.017233799825
1302,1334.0960166974776
1303,1335.1746271588931
1304,1336.2530652856237
1305,1337.331331179222
1306,1338.4094249412403
1307,1339.4873466732315
1308,1340.565096476748
1309,1341.6426744533426
1310,1342.7200807045672
1311,1343.7973153319756
1312,1344.8743784371193
1313,1345.9512701215506
1314,1347.0279904868235
1315,1348.1045396344894
1316,1349.1809176661004
1317,1350.2571246832108
1318,1351.333160787371
1319,1352.409026080135
1320,1353.4847206630554
1321,1354.560244637685
1322,1355.635598105575
1323,1356.7107811682783
1324,1357.7857939273483
1325,1358.8606364843367
1326,1359.9353089407973
1327,1361.009811398282
1328,1362.0841439583414
1329,1363.1583067225313
1330,1364.2322997924025
1331,1365.306123269507
1332,1366.379777255399
1333,1367.4532618516298
1334,1368.5265771597528
1335,1369.59972328132
1336,1370.6727003178844
1337,1371.7455083709979
1338,1372.8181475422134
1339,1373.8906179330831
1340,1374.9629196451604
1341,1376.0350527799972
1342,1377.1070174391464
1343,1378.1788137241608
1344,1379.250441736592
1345,1380.3219015779928
1346,1381.3931933499161
1347,1382.4643171539146
1348,1383.5352730915408
1349,1384.6060612643466
1350,1385.676681773886
1351,1386.7471347217097
1352,1387.817420209372
1353,1388.8875383384236
1354,1389.9574892104183
1355,1391.0272729269088
1356,1392.0968895894475
1357,1393.1663392995863
1358,1394.2356221588784
1359,1395.304738268876
1360,1396.3736877311321
1361,1397.442470647199
1362,1398.5110871186282
1363,1399.5795372469743
1364,1400.6478211337892
1365,1401.7159388806235
1366,1402.7838905890324
1367,1403.851676360567
1368,1404.9192962967807
1369,1405.9867504992246
1370,1407.0540390694541
1371,1408.1211621090185
1372,1409.188119719472
1373,1410.2549120023673
1374,1411.3215390592554
1375,1412.3880009916911
1376,1413.4542979012258
1377,1414.5204298894114
1378,1415.5863970578016
1379,1416.6521995079488
1380,1417.7178373414056
1381,1418.7833106597232
1382,1419.8486195644562
1383,1420.9137641571554
1384,1421.9787445393745
1385,1423.0435608126654
1386,1424.1082130785815
1387,1425.172701438674
1388,1426.2370259944967
1389,1427.3011868476015
1390,1428.3651840995415
1391,1429.4290178518686
1392,1430.4926882061352
1393,1431.556195263894
1394,1432.6195391266995
1395,1433.6827198961012
1396,1434.7457376736536
1397,1435.808592560909
1398,1436.8712846594194
1399,1437.9338140707378
1400,1438.996180896416
1401,1440.0583852380075
1402,1441.1204271970644
1403,1442.1823068751387
1404,1443.2440243737851
1405,1444.3055797945535
1406,1445.366973238998
1407,1446.4282048086704
1408,1447.4892746051244
1409,1448.5501827299106
1410,1449.6109292845838
1411,1450.6715143706951
1412,1451.7319380897973
1413,1452.7922005434432
1414,1453.8523018331855
1415,1454.9122420605754
1416,1455.9720213271682
1417,1457.0316397345134
1418,1458.0910973841656
1419,1459.1503943776768
1420,1460.2095308165992
1421,1461.2685068024853
1422,1462.3273224368886
1423,1463.3859778213612
1424,1464.4444730574542
1425,1465.5028082467231
1426,1466.5609834907177
1427,1467.6189988909919
1428,1468.6768545490982
1429,1469.734550566589
1430,1470.7920870450166
1431,1471.8494640859337
1432,1472.906681790893
1433,1473.9637402614474
1434,1475.0206395991481
1435,1476.0773799055492
1436,1477.1339612822023
1437,1478.1903838306607
1438,1479.2466476524767
1439,1480.302752849202
1440,1481.3586995223902
1441,1482.4144877735937
1442,1483.4701177043648
1443,1484.525589416256
1444,1485.5809030108203
1445,1486.636058589609
1446,1487.6910562541764
1447,1488.7458961060738
1448,1489.800578246855
1449,1490.8551027780711
1450,1491.9094698012752
1451,1492.96367941802
1452,1494.017731729858
1453,1495.0716268383421
1454,1496.1253648450243
1455,1497.178945851457
1456,1498.232369959194
1457,1499.2856372697863
1458,1500.3387478847872
1459,1501.3917019057494
1460,1502.444499434225
1461,1503.497140571767
1462,1504.5496254199275
1463,1505.6019540802595
1464,1506.6541266543154
1465,1507.7061432436471
1466,1508.758003949809
1467,1509.8097088743518
1468,1510.8612581188288
1469,1511.912651784792
1470,1512.9638899737947
1471,1514.0149727873888
1472,1515.0659003271276
1473,1516.1166726945635
1474,1517.1672899912483
1475,1518.2177523187352
1476,1519.2680597785768
1477,1520.318212472325
1478,1521.3682105015325
1479,1522.4180539677534
1480,1523.467742972538
1481,1524.5172776174404
1482,1525.5666580040127
1483,1526.6158842338073
1484,1527.6649564083768
1485,1528.7138746292737
1486,1529.7626389980508
1487,1530.811249616261
1488,1531.8597065854553
1489,1532.9080100071874
1490,1533.9561599830101
1491,1535.004156614476
1492,1536.052000003137
1493,1537.0996902505462
1494,1538.1472274582554
1495,1539.1946117278176
1496,1540.2418431607855
1497,1541.288921858713
1498,1542.3358479231495
1499,1543.3826214556493
1500,1544.4292425577653
1501,1545.4757113310495
1502,1546.5220278770548
1503,1547.568192297334
1504,1548.6142046934392
1505,1549.6600651669223
1506,1550.705773819337
1507,1551.7513307522354
1508,1552.7967360671696
1509,1553.8419898656934
1510,1554.887092249358
1511,1555.9320433197167
1512,1556.9768431783214
1513,1558.021491926726
1514,1559.0659896664815
1515,1560.1103364991418
1516,1561.154532526258
1517,1562.1985778493836
1518,1563.242472570071
1519,1564.2862167898736
1520,1565.3298106103418
1521,1566.3732541330307
1522,1567.4165474594906
1523,1568.4596906912755
1524,1569.5026839299376
1525,1570.5455272770296
1526,1571.5882208341027
1527,1572.6307647027122
1528,1573.6731589844078
1529,1574.7154037807438
1530,1575.7574991932722
1531,1576.799445323546
1532,1577.8412422731174
1533,1578.8828901435384
1534,1579.9243890363618
1535,1580.9657390531404
1536,1582.0069402954275
1537,1583.047992864775
1538,1584.0888968627346
1539,1585.1296523908597
1540,1586.1702595507033
1541,1587.2107184438178
1542,1588.251029171754
1543,1589.2911918360674
1544,1590.331206538308
1545,1591.3710733800297
1546,1592.4107924627847
1547,1593.450363888127
1548,1594.4897877576052
1549,1595.5290641727756
1550,1596.5681932351895
1551,1597.6071750463998
1552,1598.6460097079575
1553,1599.6846973214183
1554,1600.7232379883312
1555,1601.7616318102512
1556,1602.7998788887298
1557,1603.8379793253202
1558,1604.875933221574
1559,1605.913740679045
1560,1606.9514017992851
1561,1607.9889166838461
1562,1609.0262854342818
1563,1610.063508152144
1564,1611.1005849389858
1565,1612.1375158963592
1566,1613.174301125817
1567,1614.2109407289117
1568,1615.2474348071967
1569,1616.2837834622228
1570,1617.319986795544
1571,1618.3560449087126
1572,1619.3919579032804
1573,1620.4277258808004
1574,1621.4633489428256
1575,1622.4988271909083
1576,1623.5341607266
1577,1624.569349651456
1578,1625.6043940670256
1579,1626.639294074863
1580,1627.6740497765213
1581,1628.7086612735513
1582,1629.7431286675076
1583,1630.7774520599414
1584,1631.8116315524053
1585,1632.845667246453
1586,1633.879559243635
1587,1634.9133076455057
1588,1635.9469125536173
1589,1636.9803740695215
1590,1638.0136922947715
1591,1639.04686733092
1592,1640.079899279519
1593,1641.1127882421217
1594,1642.1455343202806
1595,1643.1781376155473
1596,1644.210598229475
1597,1645.2429162636167
1598,1646.2750918195252
1599,1647.307124998751
1600,1648.339015902849
1601,1649.3707646333705
1602,1650.4023712918686
1603,1651.4338359798953
1604,1652.4651587990036
1605,1653.4963398507455
1606,1654.527379236675
1607,1655.558277058343
1608,1656.589033417303
1609,1657.619648415107
1610,1658.6501221533078
1611,1659.6804547334577
1612,1660.71064625711
1613,1661.7406968258165
1614,1662.77060654113
1615,1663.8003755046036
1616,1664.8300038177886
1617,1665.8594915822387
1618,1666.888838899506
1619,1667.9180458711428
1620,1668.9471125987027
1621,1669.9760391837365
1622,1671.0048257277983
1623,1672.03347233244
1624,1673.0619790992146
1625,1674.090346129674
1626,1675.118573525371
1627,1676.1466613878576
1628,1677.1746098186886
1629,1678.202418919414
1630,1679.2300887915876
1631,1680.2576195367612
1632,1681.2850112564881
1633,1682.3122640523202
1634,1683.339378025811
1635,1684.3663532785117
1636,1685.3931899119764
1637,1686.4198880277565
1638,1687.4464477274048
1639,1688.4728691124742
1640,1689.4991522845173
1641,1690.5252973450863
1642,1691.5513043957328
1643,1692.5771735380117
1644,1693.602904873474
1645,1694.6284985036725
1646,1695.6539545301594
1647,1696.6792730544873
1648,1697.7044541782097
1649,1698.7294980028785
1650,1699.7544046300459
1651,1700.779174161265
1652,1701.8038066980885
1653,1702.8283023420686
1654,1703.8526611947582
1655,1704.8768833577087
1656,1705.9009689324741
1657,1706.9249180206057
1658,1707.9487307236573
1659,1708.9724071431815
1660,1709.9959473807287
1661,1711.0193515378537
1662,1712.042619716109
1663,1713.0657520170453
1664,1714.0887485422168
1665,1715.1116093931755
1666,1716.1343346714746
1667,1717.1569244786663
1668,1718.1793789163023
1669,1719.2016980859357
1670,1720.2238820891196
1671,1721.2459310274062
1672,1722.267845002347
1673,1723.2896241154963
1674,1724.3112684684063
1675,1725.3327781626288
1676,1726.3541532997165
1677,1727.3753939812223
1678,1728.3965003086983
1679,1729.4174723836977
1680,1730.4383103077726
1681,1731.4590141824756
1682,1732.4795841093594
1683,1733.5000201899766
1684,1734.5203225258797
1685,1735.5404912186204
1686,1736.5605263697535
1687,1737.5804280808284
1688,1738.6001964534007
1689,1739.6198315890206
1690,1740.6393335892426
1691,1741.6587025556178
1692,1742.6779385896998
1693,1743.6970417930395
1694,1744.7160122671914
1695,1745.7348501137071
1696,1746.7535554341391
1697,1747.7721283300402
1698,1748.7905689029633
1699,1749.8088772544602
1700,1750.827053486084
1701,1751.8450976993868
1702,1752.8630099959214
1703,1753.8807904772405
1704,1754.8984392448963
1705,1755.9159564004417
1706,1756.9333420454288
1707,1757.9505962814112
1708,1758.9677192099407
1709,1759.9847109325697
1710,1761.0015715508503
1711,1762.0183011663362
1712,1763.0348998805798
1713,1764.051367795133
1714,1765.067705011549
1715,1766.0839116313787
1716,1767.0999877561776
1717,1768.115933487496
1718,1769.1317489268874
1719,1770.1474341759035
1720,1771.1629893360976
1721,1772.1784145090216
1722,1773.1937097962295
1723,1774.2088752992722
1724,1775.2239111197027
1725,1776.2388173590748
1726,1777.253594118939
1727,1778.2682415008494
1728,1779.282759606357
1729,1780.2971485370165
1730,1781.311408394379
1731,1782.3255392799979
1732,1783.3395412954246
1733,1784.3534145422127
1734,1785.3671591219133
1735,1786.3807751360814
1736,1787.3942626862674
1737,1788.4076218740247
1738,1789.4208528009055
1739,1790.4339555684633
1740,1791.4469302782495
1741,1792.4597770318176
1742,1793.472495930719
1743,1794.4850870765076
1744,1795.4975505707348
1745,1796.5098865149544
1746,1797.5220950107177
1747,1798.5341761595773
1748,1799.5461300630868
1749,1800.5579568227981
1750,1801.5696565402632
1751,1802.5812293170359
1752,1803.592675254668
1753,1804.6039944547124
1754,1805.6151870187211
1755,1806.6262530482477
1756,1807.6371926448433
1757,1808.6480059100613
1758,1809.6586929454543
1759,1810.6692538525747
1760,1811.6796887329751
1761,1812.6899976882082
1762,1813.7001808198256
1763,1814.7102382293815
1764,1815.7201700184273
1765,1816.729976288516
1766,1817.7396571411991
1767,1818.7492126780317
1768,1819.758643000563
1769,1820.767948210349
1770,1821.7771284089388
1771,1822.7861836978877
1772,1823.7951141787466
1773,1824.8039199530695
1774,1825.8126011224072
1775,1826.8211577883137
1776,1827.8295900523408
1777,1828.8378980160417
1778,1829.8460817809682
1779,1830.8541414486735
1780,1831.8620771207093
1781,1832.8698888986291
1782,1833.8775768839853
1783,1834.8851411783298
1784,1835.8925818832154
1785,1836.8998991001952
1786,1837.9070929308214
1787,1838.914163476646
1788,1839.9211108392228
1789,1840.927935120104
1790,1841.9346364208407
1791,1842.9412148429874
1792,1843.9476704880951
1793,1844.9540034577176
1794,1845.9602138534065
1795,1846.9663017767155
1796,1847.9722673291953
1797,1848.978110612401
1798,1849.9838317278827
1799,1850.989430777194
1800,1851.9949078618874
1801,1853.0002630835165
1802,1854.005496543632
1803,1855.0106083437872
1804,1856.0155985855347
1805,1857.020467370428
1806,1858.0252148000177
1807,1859.0298409758589
1808,1860.0343459995006
1809,1861.038729972499
1810,1862.0429929964048
1811,1863.0471351727706
1812,1864.0511566031494
1813,1865.0550573890932
1814,1866.0588376321552
1815,1867.062497433888
1816,1868.066036895843
1817,1869.0694561195742
1818,1870.0727552066328
1819,1871.075934258573
1820,1872.0789933769458
1821,1873.0819326633045
1822,1874.0847522192016
1823,1875.0874521461897
1824,1876.090032545821
1825,1877.0924935196488
1826,1878.094835169224
1827,1879.0970575961019
1828,1880.0991609018324
1829,1881.1011451879704
1830,1882.103010556065
1831,1883.1047571076724
1832,1884.1063849443435
1833,1885.107894167631
1834,1886.1092848790875
1835,1887.110557180266
1836,1888.1117111727176
1837,1889.1127469579967
1838,1890.1136646376542
1839,1891.1144643132438
1840,1892.115146086318
1841,1893.1157100584292
1842,1894.1161563311298
1843,1895.1164850059722
1844,1896.1166961845092
1845,1897.1167899682932
1846,1898.1167664588768
1847,1899.1166257578127
1848,1900.1163679666533
1849,1901.1159931869506
1850,1902.1155015202585
1851,1903.1148930681288
1852,1904.114167932114
1853,1905.1133262137669
1854,1906.1123680146397
1855,1907.111293436285
1856,1908.1101025802557
1857,1909.1087955481044
1858,1910.107372441383
1859,1911.1058333616447
1860,1912.1041784104416
1861,1913.102407689326
1862,1914.1005212998516
1863,1915.0985193435695
1864,1916.0964019220344
1865,1917.0941691367966
1866,1918.0918210894097
1867,1919.0893578814257
1868,1920.0867796143984
1869,1921.0840863898782
1870,1922.0812783094202
1871,1923.0783554745753
1872,1924.0753179868962
1873,1925.0721659479357
1874,1926.0688994592465
1875,1927.0655186223808
1876,1928.0620235388928
1877,1929.058414310332
1878,1930.0546910382532
1879,1931.0508538242077
1880,1932.0469027697497
1881,1933.0428379764303
1882,1934.0386595458026
1883,1935.0343675794188
1884,1936.0299621788317
1885,1937.0254434455942
1886,1938.020811481258
1887,1939.0160663873767
1888,1940.0112082655025
1889,1941.0062372171874
1890,1942.0011533439845
1891,1942.9959567474461
1892,1943.9906475291252
1893,1944.9852257905736
1894,1945.979691633344
1895,1946.9740451589896
1896,1947.9682864690621
1897,1948.9624156651153
1898,1949.956432848701
1899,1950.9503381213708
1900,1951.9441315846784
1901,1952.9378133401774
1902,1953.9313834894178
1903,1954.924842133954
1904,1955.918189375338
1905,1956.9114253151215
1906,1957.9045500548586
1907,1958.8975636961015
1908,1959.8904663404023
1909,1960.883258089313
1910,1961.8759390443868
1911,1962.8685093071767
1912,1963.8609689792356
1913,1964.8533181621146
1914,1965.845556957367
1915,1966.8376854665448
1916,1967.8297037912025
1917,1968.8216120328893
1918,1969.8134102931608
1919,1970.8050986735682
1920,1971.7966772756647
1921,1972.7881462010014
1922,1973.7795055511328
1923,1974.7707554276103
1924,1975.7618959319861
1925,1976.7529271658145
1926,1977.743849230646
1927,1978.7346622280345
1928,1979.725366259532
1929,1980.715961426691
1930,1981.7064478310645
1931,1982.696825574204
1932,1983.6870947576638
1933,1984.6772554829954
1934,1985.6673078517508
1935,1986.6572519654835
1936,1987.6470879257463
1937,1988.6368158340897
1938,1989.6264357920695
1939,1990.615947901235
1940,1991.6053522631412
1941,1992.5946489793391
1942,1993.583838151383
1943,1994.572919880823
1944,1995.5618942692145
1945,1996.5507614181074
1946,1997.5395214290556
1947,1998.528174403611
1948,1999.5167204433276
1949,2000.5051596497563
1950,2001.4934921244503
1951,2002.481717968962
1952,2003.4698372848447
1953,2004.4578501736496
1954,2005.445756736931
1955,2006.4335570762394
1956,2007.4212512931294
1957,2008.4088394891523
1958,2009.3963217658606
1959,2010.3836982248074
1960,2011.3709689675447
1961,2012.3581340956257
1962,2013.3451937106033
1963,2014.3321479140286
1964,2015.3189968074553
1965,2016.3057404924352
1966,2017.2923790705222
1967,2018.2789126432667
1968,2019.2653413122234
1969,2020.2516651789442
1970,2021.2378843449806
1971,2022.2239989118862
1972,2023.210008981213
1973,2024.1959146545141
1974,2025.1817160333426
1975,2026.167413219249
1976,2027.1530063137884
1977,2028.1384954185114
1978,2029.123880634971
1979,2030.10916206472
1980,2031.0943398093107
1981,2032.079413970297
1982,2033.0643846492296
1983,2034.0492519476613
1984,2035.0340159671462
1985,2036.0186768092353
1986,2037.0032345754817
1987,2037.9876893674382
1988,2038.9720412866566
1989,2039.9562904346903
1990,2040.9404369130912
1991,2041.9244808234125
1992,2042.9084222672059
1993,2043.8922613460245
1994,2044.875998161421
1995,2045.8596328149474
1996,2046.8431654081564
1997,2047.8265960426022
1998,2048.8099248198355
1999,2049.793151841409
2e3,2050.7762772088745
2001,2051.759301023787
2002,2052.742223387697
2003,2053.725044402158
2004,2054.707764168721
2005,2055.690382788941
2006,2056.6729003643695
2007,2057.6553169965587
2008,2058.637632787061
2009,2059.61984783743
2010,2060.6019622492167
2011,2061.5839761239754
2012,2062.5658895632573
2013,2063.5477026686153
2014,2064.5294155416013
2015,2065.5110282837704
2016,2066.4925409966722
2017,2067.4739537818614
2018,2068.455266740889
2019,2069.436479975308
2020,2070.417593586671
2021,2071.3986076765314
2022,2072.3795223464404
2023,2073.3603376979518
2024,2074.3410538326166
2025,2075.3216708519885
2026,2076.302188857621
2027,2077.2826079510637
2028,2078.262928233872
2029,2079.2431498075975
2030,2080.2232727737933
2031,2081.2032972340103
2032,2082.1832232898023
2033,2083.1630510427212
2034,2084.1427805943204
2035,2085.122412046151
2036,2086.1019454997686
2037,2087.0813810567233
2038,2088.0607188185677
2039,2089.0399588868536
2040,2090.019101363136
2041,2090.9981463489657
2042,2091.977093945896
2043,2092.955944255479
2044,2093.934697379267
2045,2094.913353418814
2046,2095.891912475671
2047,2096.870374651391
2048,2097.848740047527
2049,2098.827008765631
2050,2099.8051809072554
2051,2100.7832565739527
2052,2101.761235867277
2053,2102.739118888779
2054,2103.7169057400115
2055,2104.6945965225286
2056,2105.6721913378815
2057,2106.6496902876224
2058,2107.6270934733066
2059,2108.6044009964817
2060,2109.5816129587047
2061,2110.5587294615257
2062,2111.5357506064984
2063,2112.5126764951756
2064,2113.4895072291083
2065,2114.4662429098507
2066,2115.4428836389557
2067,2116.419429517973
2068,2117.3958806484584
2069,2118.3722371319627
2070,2119.3484990700385
2071,2120.3246665642387
2072,2121.3007397161164
2073,2122.276718627223
2074,2123.252603399112
2075,2124.2283941333358
2076,2125.2040909314464
2077,2126.179693894997
2078,2127.155203125539
2079,2128.1306187246264
2080,2129.105940793812
2081,2130.0811694346467
2082,2131.0563047486844
2083,2132.031346837476
2084,2133.006295802576
2085,2133.9811517455364
2086,2134.9559147679097
2087,2135.9305849712464
2088,2136.9051624571025
2089,2137.879647327029
2090,2138.8540396825783
2091,2139.828339625303
2092,2140.802547256756
2093,2141.7766626784887
2094,2142.750685992056
2095,2143.724617299007
2096,2144.698456700898
2097,2145.672204299279
2098,2146.645860195704
2099,2147.619424491724
2100,2148.5928972888933
2101,2149.566278688763
2102,2150.539568792887
2103,2151.512767702816
2104,2152.485875520105
2105,2153.4588923463043
2106,2154.4318182829675
2107,2155.404653431647
2108,2156.377397893896
2109,2157.3500517712664
2110,2158.3226151653107
2111,2159.2950881775814
2112,2160.267470909631
2113,2161.2397634630124
2114,2162.211965939279
2115,2163.18407843998
2116,2164.1561010666724
2117,2165.128033920906
2118,2166.099877104234
2119,2167.07163071821
2120,2168.0432948643847
2121,2169.0148696443116
2122,2169.986355159543
2123,2170.9577515116316
2124,2171.9290588021304
2125,2172.9002771325913
2126,2173.871406604567
2127,2174.8424473196096
2128,2175.8133993792726
2129,2176.7842628851085
2130,2177.7550379386703
2131,2178.725724641508
2132,2179.696323095177
2133,2180.666833401229
2134,2181.6372556612146
2135,2182.6075899766893
2136,2183.5778364492053
2137,2184.5479951803127
2138,2185.5180662715666
2139,2186.4880498245184
2140,2187.4579459407205
2141,2188.427754721726
2142,2189.3974762690877
2143,2190.3671106843562
2144,2191.336658069087
2145,2192.306118524831
2146,2193.275492153141
2147,2194.24477905557
2148,2195.213979333669
2149,2196.183093088992
2150,2197.152120423092
2151,2198.1210614375195
2152,2199.0899162338283
2153,2200.058684913572
2154,2201.027367578301
2155,2201.9959643295697
2156,2202.9644752689305
2157,2203.932900497935
2158,2204.9012401181353
2159,2205.869494231085
2160,2206.8376629383365
2161,2207.8057463414434
2162,2208.7737445419552
2163,2209.741657641427
2164,2210.7094857414113
2165,2211.6772289434607
2166,2212.6448873491263
2167,2213.612461059962
2168,2214.579950177519
2169,2215.5473548033524
2170,2216.5146750390113
2171,2217.481910986051
2172,2218.4490627460223
2173,2219.4161304204786
2174,2220.3831141109736
2175,2221.350013919058
2176,2222.316829946284
2177,2223.2835622942066
2178,2224.2502110643754
2179,2225.216776358346
2180,2226.1832582776688
2181,2227.149656923897
2182,2228.115972398583
2183,2229.0822048032796
2184,2230.048354239539
2185,2231.014420808915
2186,2231.980404612958
2187,2232.9463057532225
2188,2233.91212433126
2189,2234.8778604486224
2190,2235.8435142068643
2191,2236.809085707537
2192,2237.7745750521926
2193,2238.739982342385
2194,2239.705307679665
2195,2240.6705511655873
2196,2241.635712901702
2197,2242.600792989564
2198,2243.565791530724
2199,2244.5307086267358
2200,2245.495544379152
2201,2246.460298889523
2202,2247.4249722594054
2203,2248.389564590348
2204,2249.354075983905
2205,2250.3185065416283
2206,2251.282856365071
2207,2252.247125555786
2208,2253.211314215324
2209,2254.1754224452407
2210,2255.139450347086
2211,2256.103398022414
2212,2257.067265572775
2213,2258.031053099724
2214,2258.994760704813
2215,2259.9583884895937
2216,2260.9219365556196
2217,2261.885405004442
2218,2262.8487939376146
2219,2263.8121034566907
2220,2264.775333663221
2221,2265.7384846587597
2222,2266.7015565448573
2223,2267.6645494230675
2224,2268.6274633949442
2225,2269.590298562038
2226,2270.553055025901
2227,2271.5157328880887
2228,2272.4783322501507
2229,2273.440853213641
2230,2274.4032958801117
2231,2275.3656603511163
2232,2276.3279467282055
2233,2277.290155112933
2234,2278.2522856068513
2235,2279.2143383115144
2236,2280.176313328471
2237,2281.1382107592776
2238,2282.1000307054846
2239,2283.0617732686455
2240,2284.023438550312
2241,2284.985026652038
2242,2285.946537675374
2243,2286.9079717218747
2244,2287.8693288930913
2245,2288.830609290577
2246,2289.791813015884
2247,2290.7529401705647
2248,2291.713990856172
2249,2292.674965174259
2250,2293.6358632263764
2251,2294.5966851140793
2252,2295.5574309389185
2253,2296.5181008024465
2254,2297.4786948062165
2255,2298.439213051782
2256,2299.399655640693
2257,2300.360022674504
2258,2301.3203142547673
2259,2302.2805304830354
2260,2303.24067146086
2261,2304.200737289795
2262,2305.1607280713924
2263,2306.1206439072034
2264,2307.0804848987827
2265,2308.040251147682
2266,2308.999942755454
2267,2309.959559823651
2268,2310.919102453825
2269,2311.87857074753
2270,2312.8379648063164
2271,2313.797284731739
2272,2314.756530625349
2273,2315.7157025887
2274,2316.6748007233437
2275,2317.6338251308334
2276,2318.59277591272
2277,2319.5516531705575
2278,2320.510457005899
2279,2321.4691875202957
2280,2322.427844815301
2281,2323.386428992466
2282,2324.3449401533453
2283,2325.30337839949
2284,2326.2617438324537
2285,2327.2200365537883
2286,2328.178256665047
2287,2329.1364042677806
2288,2330.094479463544
2289,2331.0524823538885
2290,2332.0104130403665
2291,2332.9682716245306
2292,2333.926058207934
2293,2334.883772892129
2294,2335.841415778668
2295,2336.798986969103
2296,2337.756486564988
2297,2338.7139146678746
2298,2339.6712713793145
2299,2340.6285568008625
2300,2341.585771034069
2301,2342.542914180487
2302,2343.49998634167
2303,2344.4569876191704
2304,2345.4139181145397
2305,2346.370777929331
2306,2347.3275671650986
2307,2348.2842859233915
2308,2349.240934305765
2309,2350.1975124137703
2310,2351.1540203489617
2311,2352.110458212889
2312,2353.0668261071078
2313,2354.0231241331685
2314,2354.9793523926246
2315,2355.9355109870276
2316,2356.8916000179315
2317,2357.847619586888
2318,2358.80356979545
2319,2359.7594507451695
2320,2360.7152625375993
2321,2361.671005274293
2322,2362.626679056801
2323,2363.5822839866782
2324,2364.5378201654758
2325,2365.4932876947464
2326,2366.4486866760435
2327,2367.404017210918
2328,2368.359279400923
2329,2369.314473347612
2330,2370.269599152537
2331,2371.224656917251
2332,2372.1796467433055
2333,2373.1345687322537
2334,2374.0894229856485
2335,2375.044209605042
2336,2375.9989286919863
2337,2376.953580348035
2338,2377.9081646747395
2339,2378.8626817736535
2340,2379.8171317463293
2341,2380.7715146943183
2342,2381.7258307191746
2343,2382.68007992245
2344,2383.6342624056974
2345,2384.5883782704686
2346,2385.5424276183167
2347,2386.496410550794
2348,2387.450327169454
2349,2388.404177575848
2350,2389.3579618715294
2351,2390.3116801580495
2352,2391.2653325369633
2353,2392.218919109821
2354,2393.1724399781756
2355,2394.1258952435805
2356,2395.0792850075877
2357,2396.0326093717504
2358,2396.9858684376195
2359,2397.9390623067497
2360,2398.892191080692
2361,2399.8452548610003
2362,2400.7982537492253
2363,2401.751187846921
2364,2402.70405725564
2365,2403.6568620769326
2366,2404.6096024123544
2367,2405.5622783634562
2368,2406.5148900317927
2369,2407.4674375189134
2370,2408.4199209263725
2371,2409.3723403557224
2372,2410.324695908516
2373,2411.2769876863044
2374,2412.2292157906413
2375,2413.18138032308
2376,2414.1334813851718
2377,2415.0855190784687
2378,2416.037493504526
2379,2416.989404764893
2380,2417.9412529611254
2381,2418.893038194772
2382,2419.844760567388
2383,2420.796420180526
2384,2421.7480171357374
2385,2422.699551534575
2386,2423.6510234785924
2387,2424.6024330693417
2388,2425.553780408374
2389,2426.5050655972436
2390,2427.456288737503
2391,2428.4074499307035
2392,2429.358549278398
2393,2430.3095868821397
2394,2431.2605628434812
2395,2432.2114772639743
2396,2433.1623302451726
2397,2434.1131218886276
2398,2435.0638522958925
2399,2436.014521568519
2400,2436.9651298080616
2401,2437.91567711607
2402,2438.866163594099
2403,2439.8165893437
2404,2440.7669544664263
2405,2441.717259063831
2406,2442.667503237465
2407,2443.6176870888826
2408,2444.5678107196345
2409,2445.517874231274
2410,2446.467877725355
2411,2447.4178213034274
2412,2448.3677050670453
2413,2449.317529117763
2414,2450.26729355713
2415,2451.2169984867005
2416,2452.1666440080253
2417,2453.1162302226603
2418,2454.065757232155
2419,2455.015225138063
2420,2455.9646340419363
2421,2456.91398404533
2422,2457.8632752497933
2423,2458.812507756881
2424,2459.7616816681434
2425,2460.710797085136
2426,2461.659854109408
2427,2462.6088528425153
2428,2463.5577933860086
2429,2464.506675841441
2430,2465.4555003103633
2431,2466.404266894331
2432,2467.352975694895
2433,2468.301626813609
2434,2469.2502203520235
2435,2470.198756411692
2436,2471.1472350941676
2437,2472.095656501003
2438,2473.0440207337497
2439,2473.9923278939605
2440,2474.940578083189
2441,2475.888771402986
2442,2476.836907954906
2443,2477.7849878405004
2444,2478.7330111613223
2445,2479.6809780189233
2446,2480.6288885148574
2447,2481.576742750676
2448,2482.5245408279316
2449,2483.472282848177
2450,2484.4199689129664
2451,2485.3675991238497
2452,2486.3151735823803
2453,2487.2626923901125
2454,2488.2101556485964
2455,2489.1575634593855
2456,2490.1049159240324
2457,2491.0522131440907
2458,2491.99945522111
2459,2492.9466422566466
2460,2493.89377435225
2461,2494.840851609475
2462,2495.787874129873
2463,2496.734842014997
2464,2497.6817553663977
2465,2498.6286142856316
2466,2499.5754188742467
2467,2500.5221692338
2468,2501.4688654658403
2469,2502.4155076719217
2470,2503.3620959535965
2471,2504.3086304124176
2472,2505.255111149938
2473,2506.201538267709
2474,2507.147911867284
2475,2508.094232050216
2476,2509.0404989180556
2477,2509.9867125723576
2478,2510.9328731146743
2479,2511.8789806465566
2480,2512.825035269558
2481,2513.771037085232
2482,2514.7169861951293
2483,2515.6628827008035
2484,2516.608726703808
2485,2517.554518305693
2486,2518.5002576080137
2487,2519.445944712321
2488,2520.391579720167
2489,2521.337162733107
2490,2522.2826938526905
2491,2523.228173180471
2492,2524.1736008180023
2493,2525.118976866835
2494,2526.0643014285233
2495,2527.009574604618
2496,2527.954796496673
2497,2528.899967206242
2498,2529.845086834875
2499,2530.790155484126
2500,2531.7351732555467
2501,2532.680140250691
2502,2533.6250565711093
2503,2534.5699223183574
2504,2535.5147375939846
2505,2536.459502499545
2506,2537.404217136591
2507,2538.3488816066756
2508,2539.2934960113507
2509,2540.2380604521695
2510,2541.182575030683
2511,2542.1270398484453
2512,2543.071455007008
2513,2544.015820607925
2514,2544.9601367527475
2515,2545.9044035430284
2516,2546.8486210803203
2517,2547.7927894661766
2518,2548.7369088021487
2519,2549.68097918979
2520,2550.625000730652
2521,2551.5689735262886
2522,2552.5128976782507
2523,2553.4567732880923
2524,2554.400600457365
2525,2555.344379287623
2526,2556.2881098804164
2527,2557.2317923372993
2528,2558.1754267598244
2529,2559.119013249544
2530,2560.0625519080095
2531,2561.006042836775
2532,2561.9494861373914
2533,2562.8928819114144
2534,2563.836230260393
2535,2564.779531285882
2536,2565.7227850894324
2537,2566.6659917725983
2538,2567.609151436931
2539,2568.5522641839834
2540,2569.4953301153096
2541,2570.4383493324594
2542,2571.3813219369868
2543,2572.324248030445
2544,2573.2671277143845
2545,2574.2099610903606
2546,2575.152748259924
2547,2576.0954893246276
2548,2577.038184386024
2549,2577.980833545666
2550,2578.923436905105
2551,2579.8659945658956
2552,2580.80850662959
2553,2581.7509731977384
2554,2582.693394371896
2555,2583.6357702536134
2556,2584.5781009444445
2557,2585.5203865459416
2558,2586.462627159657
2559,2587.4048228871434
2560,2588.3469738299527
2561,2589.289080089639
2562,2590.2311417677533
2563,2591.1731589658493
2564,2592.115131785479
2565,2593.057060328194
2566,2593.9989446955487
2567,2594.9407849890945
2568,2595.882581310385
2569,2596.824333760971
2570,2597.766042442406
2571,2598.707707456243
2572,2599.649328904034
2573,2600.590906887332
2574,2601.53244150769
2575,2602.4739328666583
2576,2603.4153810657917
2577,2604.356786206642
2578,2605.2981483907615
2579,2606.2394677197026
2580,2607.1807442950194
2581,2608.121978218263
2582,2609.063169590987
2583,2610.004318514742
2584,2610.945425091082
2585,2611.8864894215594
2586,2612.8275116077275
2587,2613.768491751137
2588,2614.7094299533424
2589,2615.6503263158947
2590,2616.591180940348
2591,2617.5319939282526
2592,2618.4727653811633
2593,2619.413495400632
2594,2620.3541840882112
2595,2621.2948315454523
2596,2622.23543787391
2597,2623.1760031751337
2598,2624.116527550681
2599,2625.0570111020998
2600,2625.9974539309437
2601,2626.937856138767
2602,2627.8782178271213
2603,2628.8185390975573
2604,2629.75882005163
2605,2630.6990607908915
2606,2631.6392614168935
2607,2632.57942203119
2608,2633.519542735332
2609,2634.4596236308716
2610,2635.3996648193643
2611,2636.33966640236
2612,2637.2796284814117
2613,2638.219551158072
2614,2639.1594345338954
2615,2640.0992787104315
2616,2641.0390837892332
2617,2641.978849871856
2618,2642.918577059849
2619,2643.8582654547668
2620,2644.7979151581617
2621,2645.7375262715855
2622,2646.6770988965914
2623,2647.6166331347317
2624,2648.556129087559
2625,2649.495586856625
2626,2650.435006543484
2627,2651.3743882496874
2628,2652.3137320767887
2629,2653.2530381263387
2630,2654.192306499892
2631,2655.1315372989993
2632,2656.070730625215
2633,2657.0098865800883
2634,2657.9490052651763
2635,2658.8880867820294
2636,2659.8271312321995
2637,2660.7661387172393
2638,2661.7051093387026
2639,2662.6440431981414
2640,2663.5829403971084
2641,2664.5218010371545
2642,2665.4606252198346
2643,2666.3994130466995
2644,2667.338164619303
2645,2668.276880039197
2646,2669.215559407934
2647,2670.1542028270665
2648,2671.0928103981473
2649,2672.03138222273
2650,2672.9699184023657
2651,2673.9084190386066
2652,2674.846884233006
2653,2675.7853140871166
2654,2676.7237087024914
2655,2677.6620681806826
2656,2678.600392623242
2657,2679.5386821317225
2658,2680.4769368076772
2659,2681.4151567526574
2660,2682.353342068218
2661,2683.291492855909
2662,2684.2296092172846
2663,2685.1676912538965
2664,2686.1057390672986
2665,2687.0437527590407
2666,2687.981732430677
2667,2688.919678183762
2668,2689.857590119845
2669,2690.7954683404805
2670,2691.73331294722
2671,2692.671124041617
2672,2693.6089017252234
2673,2694.546646099592
2674,2695.484357266275
2675,2696.4220353268256
2676,2697.359680382796
2677,2698.2972925357385
2678,2699.2348718872063
2679,2700.172418538752
2680,2701.109932591926
2681,2702.047414148284
2682,2702.984863309377
2683,2703.922280176758
2684,2704.859664851979
2685,2705.797017436593
2686,2706.7343380321513
2687,2707.6716267402085
2688,2708.6088836623157
2689,2709.5461089000255
2690,2710.483302554891
2691,2711.4204647284664
2692,2712.3575955223005
2693,2713.2946950379496
2694,2714.231763376963
2695,2715.168800640895
2696,2716.1058069312976
2697,2717.042782349725
2698,2717.9797269977266
2699,2718.9166409768586
2700,2719.8535243886695
2701,2720.790377334716
2702,2721.727199916548
2703,2722.66399223572
2704,2723.6007543937812
2705,2724.5374864922883
2706,2725.474188632791
2707,2726.4108609168416
2708,2727.3475034459943
2709,2728.2841163218022
2710,2729.220699645816
2711,2730.157253519589
2712,2731.093778044674
2713,2732.0302733226235
2714,2732.9667394549897
2715,2733.9031765433247
2716,2734.8395846891826
2717,2735.775963994115
2718,2736.712314559674
2719,2737.6486364874127
2720,2738.584929878884
2721,2739.5211948356405
2722,2740.4574314592323
2723,2741.393639851216
2724,2742.329820113141
2725,2743.2659723465626
2726,2744.202096653029
2727,2745.1381931340975
2728,2746.0742618913177
2729,2747.0103030262444
2730,2747.946316640428
2731,2748.8823028354223
2732,2749.8182617127786
2733,2750.7541933740513
2734,2751.6900979207912
2735,2752.6259754545513
2736,2753.561826076885
2737,2754.4976498893448
2738,2755.433446993482
2739,2756.3692174908515
2740,2757.304961483003
2741,2758.240679071491
2742,2759.1763703578663
2743,2760.1120354436835
2744,2761.0476744304933
2745,2761.983287419849
2746,2762.9188745133047
2747,2763.854435812411
2748,2764.7899714187206
2749,2765.7254814337875
2750,2766.6609659591622
2751,2767.596425096399
2752,2768.5318589470494
2753,2769.4672676126665
2754,2770.4026511948023
2755,2771.3380097950103
2756,2772.273343514842
2757,2773.208652455851
2758,2774.143936719588
2759,2775.0791964076084
2760,2776.014431621462
2761,2776.9496424627037
2762,2777.8848290328842
2763,2778.8199914335555
2764,2779.755129766272
2765,2780.6902441325874
2766,2781.625334634051
2767,2782.560401372217
2768,2783.4954444486384
2769,2784.430463964867
2770,2785.365460022456
2771,2786.3004327229564
2772,2787.2353821679217
2773,2788.1703084589053
2774,2789.105211697459
2775,2790.0400919851354
2776,2790.9749494234875
2777,2791.9097841140665
2778,2792.8445961584266
2779,2793.7793856581193
2780,2794.714152714697
2781,2795.6488974297126
2782,2796.58361990472
2783,2797.51832024127
2784,2798.4529985409154
2785,2799.38765490521
2786,2800.322289435704
2787,2801.256902233952
2788,2802.191493401506
2789,2803.126063039919
2790,2804.060611250742
2791,2804.995138135528
2792,2805.929643795831
2793,2806.8641283332026
2794,2807.798591849196
2795,2808.733034445363
2796,2809.6674562232565
2797,2810.6018572844278
2798,2811.536237730432
2799,2812.4705976628193
2800,2813.4049371831434
2801,2814.3392563929565
2802,2815.273555393811
2803,2816.20783428726
2804,2817.1420931748567
2805,2818.0763321581508
2806,2819.010551338698
2807,2819.94475081805
2808,2820.8789306977587
2809,2821.8130910793757
2810,2822.747232064457
2811,2823.6813537545513
2812,2824.615456251214
2813,2825.5495396559954
2814,2826.48360407045
2815,2827.4176495961283
2816,2828.351676334585
2817,2829.2856843873715
2818,2830.21967385604
2819,2831.153644842144
2820,2832.0875974472356
2821,2833.021531772868
2822,2833.9554479205926
2823,2834.889345991963
2824,2835.8232260885306
2825,2836.7570883118497
2826,2837.690932763471
2827,2838.6247595449468
2828,2839.558568757832
2829,2840.492360503677
2830,2841.4261348840364
2831,2842.3598920004606
2832,2843.2936319545033
2833,2844.227354847717
2834,2845.1610607816547
2835,2846.0947498578666
2836,2847.0284221779084
2837,2847.962077843332
2838,2848.895716955688
2839,2849.8293396165295
2840,2850.7629459274112
2841,2851.6965359898836
2842,2852.6301099055
2843,2853.563667775812
2844,2854.4972097023747
2845,2855.4307357867374
2846,2856.3642461304553
2847,2857.297740835078
2848,2858.231220002161
2849,2859.1646837332564
2850,2860.098132129916
2851,2861.031565293691
2852,2861.9649833261365
2853,2862.898386328804
2854,2863.8317744032465
2855,2864.7651476510136
2856,2865.6985061736627
2857,2866.631850072743
2858,2867.565179449809
2859,2868.498494406411
2860,2869.4317950441036
2861,2870.365081464439
2862,2871.298353768968
2863,2872.231612059245
2864,2873.1648564368224
2865,2874.0980870032517
2866,2875.0313038600875
2867,2875.964507108879
2868,2876.8976968511824
2869,2877.830873188549
2870,2878.7640362225293
2871,2879.6971860546782
2872,2880.6303227865483
2873,2881.563446519691
2874,2882.496557355659
2875,2883.429655396005
2876,2884.3627407422823
2877,2885.295813496042
2878,2886.2288737588387
2879,2887.1619216322224
2880,2888.094957217748
2881,2889.027980616968
2882,2889.9609919314316
2883,2890.8939912626947
2884,2891.82697871231
2885,2892.759954381828
2886,2893.692918372802
2887,2894.6258707867855
2888,2895.55881172533
2889,2896.4917412899895
2890,2897.4246595823142
2891,2898.3575667038576
2892,2899.2904627561734
2893,2900.2233478408125
2894,2901.1562220593296
2895,2902.089085513275
2896,2903.0219383042026
2897,2903.9547805336642
2898,2904.8876123032132
2899,2905.8204337144
2900,2906.753244868781
2901,2907.6860458679057
2902,2908.618836813327
2903,2909.551617806598
2904,2910.484388949272
2905,2911.417150342901
2906,2912.3499020890363
2907,2913.282644289232
2908,2914.2153770450395
2909,2915.1481004580132
2910,2916.0808146297045
2911,2917.0135196616648
2912,2917.946215655448
2913,2918.878902712606
2914,2919.8115809346928
2915,2920.7442504232595
2916,2921.6769112798593
2917,2922.609563606044
2918,2923.5422075033675
2919,2924.4748430733807
2920,2925.4074704176364
2921,2926.340089637689
2922,2927.2727008350894
2923,2928.2053041113904
2924,2929.1378995681453
2925,2930.0704873069053
2926,2931.0030674292248
2927,2931.935640036654
2928,2932.8682052307477
2929,2933.8007631130567
2930,2934.7333137851347
2931,2935.665857348534
2932,2936.5983939048065
2933,2937.5309235555064
2934,2938.4634464021838
2935,2939.3959625463935
2936,2940.3284720896863
2937,2941.260975133617
2938,2942.1934717797362
2939,2943.1259621295967
2940,2944.058446284751
2941,2944.990924346753
2942,2945.9233964171535
2943,2946.8558625975065
2944,2947.788322989363
2945,2948.720777694278
2946,2949.6532268138017
2947,2950.585670449487
2948,2951.518108702887
2949,2952.450541675554
2950,2953.382969469041
2951,2954.315392184901
2952,2955.2478099246855
2953,2956.180222789947
2954,2957.1126308822386
2955,2958.0450343031134
2956,2958.9774331541216
2957,2959.9098275368187
2958,2960.8422175527553
2959,2961.7746033034855
2960,2962.70698489056
2961,2963.6393624155326
2962,2964.5717359799555
2963,2965.5041056853815
2964,2966.436471633363
2965,2967.368833925453
2966,2968.3011926632025
2967,2969.2335479481662
2968,2970.1658998818957
2969,2971.0982485659433
2970,2972.0305941018605
2971,2972.9629365912033
2972,2973.895276135519
2973,2974.827612836365
2974,2975.7599467952923
2975,2976.692278113853
2976,2977.6246068935984
2977,2978.5569332360847
2978,2979.4892572428616
2979,2980.421579015482
2980,2981.3538986554977
2981,2982.286216264464
2982,2983.21853194393
2983,2984.1508457954515
2984,2985.083157920579
2985,2986.0154684208665
2986,2986.9477773978642
2987,2987.8800849531267
2988,2988.8123911882076
2989,2989.744696204657
2990,2990.677000104027
2991,2991.609302987872
2992,2992.5416049577434
2993,2993.473906115196
2994,2994.40620656178
2995,2995.338506399048
2996,2996.270805728554
2997,2997.2031046518505
2998,2998.135403270488
2999,2999.06770168602
3e3,3000.000000000001
